,User Name,Time Stamp,Text of Tweet,Compound Score,Positive Score,Neutral Score,Negative Score
0,BBCWorld,Thu Nov 07 20:42:07 +0000 2019,"Chris Brown's yard sale makes people angry 

[Tap to expand] https://t.co/kiFDC6HqSe https://t.co/pKvHaPYEyM",-0.5106,0.0,0.769,0.231
1,BBCWorld,Thu Nov 07 19:56:26 +0000 2019,Hawaii man dies after falling down lava tube in his garden https://t.co/LPLkdmJXcq,-0.1531,0.0,0.873,0.127
2,BBCWorld,Thu Nov 07 18:19:33 +0000 2019,Bolivia mayor has hair forcibly cut by crowd of protesters https://t.co/bvjEoqgy5o,-0.4588,0.0,0.692,0.308
3,BBCWorld,Thu Nov 07 18:12:10 +0000 2019,What is defence alliance Nato? https://t.co/yAFun4uv1t,0.1027,0.219,0.781,0.0
4,BBCWorld,Thu Nov 07 18:11:49 +0000 2019,RT @BBCSport: Sonny Bill Williams has completed his cross-code return to rugby league after signing for Super League newcomers Toronto Wolf‚Ä¶,0.5994,0.163,0.837,0.0
5,BBCWorld,Thu Nov 07 17:52:42 +0000 2019,"RT @BBCNews: Bloodhound's ultimate quest to break the land speed record

[tap to expand]

https://t.co/dhnE1hYpI9 https://t.co/UCcMTwT8sO",0.0,0.0,1.0,0.0
6,BBCWorld,Thu Nov 07 17:18:43 +0000 2019,"Eggstraordinary!

https://t.co/HbAoAXpRCD",0.0,0.0,1.0,0.0
7,BBCWorld,Thu Nov 07 16:55:38 +0000 2019,RT @BBCNews: Harry and Meghan visit military mums and dads and reveal baby Archie has got his first two teeth and is beginning to crawl üöº‚Ä¶,0.0,0.0,1.0,0.0
8,BBCWorld,Thu Nov 07 16:19:26 +0000 2019,David Noakes: Unlicensed cancer cure seller to be extradited https://t.co/aVtpjZC1Hl,-0.6597,0.0,0.672,0.328
9,BBCWorld,Thu Nov 07 15:44:59 +0000 2019,RT @BBCNorthAmerica: Jeff Sessions: The ex-attorney general 'making a political comeback' https://t.co/2svgFPs9Zw,0.0,0.0,1.0,0.0
10,BBCWorld,Thu Nov 07 15:44:48 +0000 2019,Egypt-Ethiopia row over River Nile dam https://t.co/D0kDa8hKE7,0.0,0.0,1.0,0.0
11,BBCWorld,Thu Nov 07 15:40:49 +0000 2019,"RT @BBCBusiness: ""Influencer is a job description‚Ä¶ it's what people want to be when they grow up""

What does it take to become an influence‚Ä¶",0.0772,0.053,0.947,0.0
12,BBCWorld,Thu Nov 07 15:15:53 +0000 2019,"Nato alliance experiencing brain death, says Macron https://t.co/FVTUU6sGIq",-0.5994,0.0,0.642,0.358
13,BBCWorld,Thu Nov 07 15:15:08 +0000 2019,Trump denies asking attorney general to clear him of wrongdoing over phone call with Ukraine's president at the hea‚Ä¶ https://t.co/WTtD4MwwTx,-0.0516,0.111,0.769,0.12
14,BBCWorld,Thu Nov 07 14:42:51 +0000 2019,Cyprus strips 'golden' passports from 26 investors https://t.co/VkFGcIOUTY,0.0,0.0,1.0,0.0
15,BBCWorld,Thu Nov 07 14:13:45 +0000 2019,Milwaukee man charged with hate crime over acid attack over parking spot https://t.co/9QuT6K2OpX,-0.9022,0.0,0.427,0.573
16,BBCWorld,Thu Nov 07 14:11:11 +0000 2019,"89-year-old Holocaust survivor in Italy assigned police guards after receiving hundreds of threats on social media
https://t.co/V7CDtwdulJ",-0.0772,0.123,0.739,0.138
17,BBCWorld,Thu Nov 07 13:48:25 +0000 2019,Bill Gates criticises Elizabeth Warren's plan for tax on super-rich https://t.co/DBy4F5g21g,-0.3182,0.0,0.813,0.187
18,BBCWorld,Thu Nov 07 13:43:08 +0000 2019,"Vehicles seized in anti-smuggling raids near the Irish border
https://t.co/NQcZiYmG5I",0.0,0.0,1.0,0.0
19,BBCWorld,Thu Nov 07 13:28:41 +0000 2019,Bolivia mayor has hair forcibly cut by crowd of protesters https://t.co/zo5ldf3n7r,-0.4588,0.0,0.692,0.308
20,BBCWorld,Thu Nov 07 13:12:09 +0000 2019,"RT @BBCSounds: ""You gave up the ultimate white male supremacy.""

@Caitlyn_Jenner talks about how her transition has been received. 

Listen‚Ä¶",0.0,0.0,1.0,0.0
21,BBCWorld,Thu Nov 07 13:10:17 +0000 2019,"Lebanon has been rocked by anti-government protests, the largest the country has seen in more than a decade

https://t.co/qa9UnQIj5p",-0.2263,0.0,0.899,0.101
22,BBCWorld,Thu Nov 07 13:08:55 +0000 2019,Jersey gorilla statues raise ¬£1.1m for new zoo enclosure https://t.co/Bjt4bpd4hH,0.0,0.0,1.0,0.0
23,BBCWorld,Thu Nov 07 12:59:59 +0000 2019,Italy Holocaust survivor Liliana Segre under guard amid death threats https://t.co/pRI3Cnq6IQ,-0.6369,0.145,0.465,0.39
24,BBCWorld,Thu Nov 07 12:59:38 +0000 2019,Human-built woolly mammoth traps found in Tultepec https://t.co/bVWYzZrLfw,0.0,0.0,1.0,0.0
25,BBCWorld,Thu Nov 07 12:58:53 +0000 2019,DR Congo's Bosco Ntaganda sentenced to 30 years for crimes in DR Congo https://t.co/JPtbGpPudX,-0.0258,0.0,0.922,0.078
26,BBCWorld,Thu Nov 07 11:47:53 +0000 2019,Nigeria's Lagos governor says 'don't call me Your Excellency' https://t.co/qcO5TiM0vm,0.5423,0.28,0.72,0.0
27,BBCWorld,Thu Nov 07 11:26:03 +0000 2019,RT @BBCSteveR: ‚ÄúWe‚Äôre winning on all fronts‚Äù declares one Russian newspaper today. But other papers here quote results of a new poll that f‚Ä¶,0.296,0.091,0.909,0.0
28,BBCWorld,Thu Nov 07 11:14:49 +0000 2019,Europe migrant crisis: French police clear Paris ring road camps https://t.co/LTGqTl4XLl,-0.3612,0.166,0.573,0.261
29,BBCWorld,Thu Nov 07 11:14:41 +0000 2019,Mystery of Napoleon's favourite general solved in Russian discovery https://t.co/taBkUipi8o,0.2732,0.189,0.811,0.0
30,BBCWorld,Thu Nov 07 09:33:52 +0000 2019,North Korean fishermen suspected of killing 16 colleagues before fleeing to South https://t.co/SNK6AAA6bQ,-0.743,0.0,0.636,0.364
31,BBCWorld,Thu Nov 07 08:19:11 +0000 2019,Iran cancels accreditation of IAEA nuclear inspector https://t.co/g5UPqG3cji,-0.2263,0.0,0.787,0.213
32,BBCWorld,Thu Nov 07 07:43:41 +0000 2019,RT @SallyBundockBBC: When did you last go to the movies? On #BBCWorkLife we'll get the inside track from the CEO of #IMAX. With so much cho‚Ä¶,0.0,0.0,1.0,0.0
33,BBCWorld,Thu Nov 07 07:05:40 +0000 2019,'OK boomer': 25-year-old New Zealand MP uses viral term in parliament https://t.co/KEktR0kL60,0.4466,0.211,0.789,0.0
34,BBCWorld,Thu Nov 07 06:47:03 +0000 2019,Nine jailed in China for smuggling fentanyl to US after landmark operation https://t.co/9VavHhvTV9,-0.7184,0.074,0.568,0.358
35,BBCWorld,Thu Nov 07 05:23:13 +0000 2019,Impeachment inquiry: Trump berates Democrats in Louisiana https://t.co/p1rFxDrZHL,0.0,0.0,1.0,0.0
36,BBCWorld,Thu Nov 07 03:57:10 +0000 2019,RT @SallyBundockBBC: A @UN report out today will confirm demand for meat and diary is continuing to grow. There will be another call to mov‚Ä¶,-0.128,0.0,0.939,0.061
37,BBCWorld,Thu Nov 07 01:51:46 +0000 2019,Chile protests: Concerns grow over human rights abuses https://t.co/MET4DkN21n,-0.6705,0.0,0.56,0.44
38,BBCWorld,Thu Nov 07 01:44:37 +0000 2019,The cheap sensor detecting landslides in India https://t.co/Oh7gp1w2fR,0.0,0.0,1.0,0.0
39,BBCWorld,Thu Nov 07 01:42:21 +0000 2019,Ad√®le Haenel MeToo moment shocks French cinema https://t.co/WbBtTWYhy1,-0.3818,0.0,0.729,0.271
40,BBCWorld,Thu Nov 07 01:37:45 +0000 2019,'I was kidnapped and now only travel by train' https://t.co/mp9CmN108y,0.0,0.0,1.0,0.0
41,BBCWorld,Thu Nov 07 00:52:19 +0000 2019,"Iran's network of influence grows, new study finds https://t.co/8Z3hlNGTMx",0.0,0.0,1.0,0.0
42,BBCWorld,Thu Nov 07 00:17:25 +0000 2019,RT√â plans to cut 200 jobs and reduce pay https://t.co/itLYWDnLNM,-0.3612,0.0,0.696,0.304
43,BBCWorld,Wed Nov 06 23:56:09 +0000 2019,Burkina Faso: Gunmen ambush mining firm convoy and kill 37 https://t.co/eIGj0JX2lc,-0.6908,0.0,0.68,0.32
44,BBCWorld,Wed Nov 06 23:07:15 +0000 2019,Ex-Twitter employees accused of spying for Saudi Arabia https://t.co/Y8bjvmD510,-0.296,0.0,0.784,0.216
45,BBCWorld,Wed Nov 06 20:12:12 +0000 2019,"RT @BBCBreaking: Amsterdam Schiphol Airport emergency was triggered by pilot accidentally setting off hijack alarm, airline says https://t.‚Ä¶",-0.7506,0.0,0.67,0.33
46,BBCWorld,Wed Nov 06 19:52:20 +0000 2019,"RT @BBCBreaking: Passengers and crew have been safely taken off a plane at Amsterdam's Schiphol Airport following an incident, Dutch police‚Ä¶",0.4939,0.144,0.856,0.0
47,BBCWorld,Wed Nov 06 19:49:00 +0000 2019,"RT @BBCSport: FT! Bayern Munich and Juventus both secure their place in the last 16.

Bayern Munich 2-0 Olympiakos
Lokomotiv Moscow 1-2 Juv‚Ä¶",0.4003,0.109,0.891,0.0
48,BBCWorld,Wed Nov 06 19:27:31 +0000 2019,Dutch police deployed to plane at Schiphol airport https://t.co/J9gqpTaHan,0.0,0.0,1.0,0.0
49,BBCWorld,Wed Nov 06 19:25:09 +0000 2019,"RT @BBCBreaking: Dutch police investigating ""suspicious situation"" on board plane at Schiphol airport https://t.co/Qc6C4CLSle",-0.3612,0.0,0.839,0.161
50,BBCWorld,Wed Nov 06 19:22:38 +0000 2019,Martin Luther King's name removed from Kansas city street https://t.co/E5PekDhRHu,0.0,0.0,1.0,0.0
51,BBCWorld,Wed Nov 06 18:59:30 +0000 2019,How dangerous is Mexico? https://t.co/1NkqqZwYWq,-0.4767,0.0,0.563,0.437
52,BBCWorld,Wed Nov 06 18:10:58 +0000 2019,RT @BBCNorthAmerica: Tuscon: Voters in liberal US city reject sanctuary city status https://t.co/KOj04HfF5c,-0.4019,0.0,0.816,0.184
53,BBCWorld,Wed Nov 06 18:06:08 +0000 2019,"Ten Japanese bullet trains scrapped after damage from Typhoon Hagibis floodwater

https://t.co/hRfZgUBiSY",-0.4939,0.0,0.775,0.225
54,BBCWorld,Wed Nov 06 17:40:37 +0000 2019,"RT @BBCPolitics: ""Brexit is the biggest foreign policy mistake in the post-war period""

John Bercow gives his ""honest view"" on Brexit after‚Ä¶",0.2263,0.128,0.778,0.093
55,BBCWorld,Wed Nov 06 17:16:04 +0000 2019,Trump impeachment hearings to go public next week https://t.co/bCJgfEuiJh,0.0,0.0,1.0,0.0
56,BBCWorld,Wed Nov 06 16:44:05 +0000 2019,Ethiopian asylum seeker denied life-saving dialysis in South Africa https://t.co/aD16jjn0JK,-0.4404,0.0,0.756,0.244
57,BBCWorld,Wed Nov 06 16:38:04 +0000 2019,Why China's rise exposes Australian vulnerabilities https://t.co/4IW3msS4Pt,-0.2732,0.0,0.617,0.383
58,BBCWorld,Wed Nov 06 16:20:57 +0000 2019,Rodney Reed 'scared as hell' on death row https://t.co/fzatkca9M8,-0.9081,0.0,0.345,0.655
59,BBCWorld,Wed Nov 06 15:33:24 +0000 2019,France 'takes back control' with non-EU migrant quotas https://t.co/jqtpb7mByl,0.0,0.0,1.0,0.0
60,BBCWorld,Wed Nov 06 14:47:26 +0000 2019,Baby with rare skin condition abandoned at Italian hospital https://t.co/ks3ydSnnVM,-0.4588,0.0,0.75,0.25
61,BBCWorld,Wed Nov 06 14:28:03 +0000 2019,"Flood fund for Laxey residents raises almost ¬£30,000 https://t.co/NNeOrn7AQd",0.0,0.0,1.0,0.0
62,BBCWorld,Wed Nov 06 14:16:28 +0000 2019,Libya migrant attack: UN investigators suspect foreign jet bombed centre https://t.co/uHtP5u1SjN,-0.6486,0.0,0.629,0.371
63,BBCWorld,Wed Nov 06 13:53:09 +0000 2019,"This abandoned building in the centre of Baghdad has been taken over by thousands of protesters.

[tap to expand]‚Ä¶ https://t.co/70ixMa64Wb",-0.5994,0.0,0.786,0.214
64,BBCWorld,Wed Nov 06 13:50:05 +0000 2019,Ireland proposes levy on disposable cups https://t.co/0OKrum9m8i,0.0,0.0,1.0,0.0
65,BBCWorld,Wed Nov 06 13:45:08 +0000 2019,Israel approves controversial Old City cable car plan at one of Judaism's holiest sites https://t.co/BriBcJGjvv,0.2263,0.154,0.743,0.103
66,BBCWorld,Wed Nov 06 13:39:05 +0000 2019,Jordanians detained by Israel for months freed after diplomatic crisis https://t.co/NhALUkBUn1,-0.6249,0.154,0.457,0.389
67,BBCWorld,Wed Nov 06 13:33:06 +0000 2019,China imposes gaming curfew for minors https://t.co/1q2NylIvEx,-0.1027,0.0,0.811,0.189
68,BBCWorld,Wed Nov 06 13:27:05 +0000 2019,Abu Bakr al-Baghdadi: Turkey 'detains IS leader's wife' https://t.co/S4KnOtfVWw,0.0,0.0,1.0,0.0
69,BBCWorld,Wed Nov 06 13:18:15 +0000 2019,Jordan attack: Knifeman stabs Mexican tourists in Jerash https://t.co/E8oxiy51cK,-0.7184,0.0,0.538,0.462
70,BBCWorld,Wed Nov 06 12:44:03 +0000 2019,Virginia elects woman fired for giving President Trump the finger https://t.co/zTPtJX8b6h,-0.296,0.16,0.6,0.24
71,BBCWorld,Wed Nov 06 12:40:43 +0000 2019,Girl with Down's syndrome excluded from Spanish volleyball cup team https://t.co/u0XU386oFE,-0.34,0.0,0.806,0.194
72,BBCWorld,Wed Nov 06 12:11:35 +0000 2019,"RT @bbcweather: üòçüåáA beautiful sunset seen through the Brooklyn Bridge in New York, USA on Monday. https://t.co/RgEGa1Touq",0.5994,0.196,0.804,0.0
73,BBCWorld,Wed Nov 06 11:52:02 +0000 2019,Philippines: President Duterte's fierce rival becomes new drug czar https://t.co/nPX7nsKqGg,0.0,0.0,1.0,0.0
74,BBCWorld,Wed Nov 06 11:49:04 +0000 2019,Family who fled Nazis lend collection of mini carvings to Austria https://t.co/DrfCe1Bn9Z,0.0,0.0,1.0,0.0
75,BBCWorld,Wed Nov 06 11:42:22 +0000 2019,"Every city in the world has been designed and built by men, but how would a city differ if it was built by women?‚Ä¶ https://t.co/CitAujERRf",0.0,0.0,1.0,0.0
76,BBCWorld,Wed Nov 06 11:04:56 +0000 2019,Pro-Beijing lawmaker stabbed by 'fake supporter' in Hong Kong https://t.co/oWZXRZmraM,-0.5994,0.139,0.464,0.397
77,BBCWorld,Wed Nov 06 10:56:13 +0000 2019,"Mexico ambush: Boy, 13, walked 23km for help after gun attack https://t.co/jIEVSILCMd",-0.4215,0.157,0.523,0.32
78,BBCWorld,Wed Nov 06 10:23:05 +0000 2019,Many dead in Tajikistan 'firefight with IS' https://t.co/kAsbvNmnZ2,-0.6486,0.0,0.619,0.381
79,BBCWorld,Wed Nov 06 10:14:32 +0000 2019,Gunmen kill 15 in southern Thailand's 'biggest attack' in recent years https://t.co/WSoakud9AY,-0.8316,0.0,0.562,0.438
80,BBCWorld,Wed Nov 06 10:13:27 +0000 2019,"""We had to use... a state of emergency to restore public order""

Chilean President Sebasti√°n Pi√±era has said he wil‚Ä¶ https://t.co/C6eTE1052u",-0.1027,0.096,0.789,0.114
81,BBCWorld,Wed Nov 06 09:45:24 +0000 2019,Why is India's pollution much worse than China's? https://t.co/Te42vUeMxX,-0.4767,0.0,0.721,0.279
82,BBCWorld,Wed Nov 06 09:12:20 +0000 2019,"""I think this rugby game with a black man leading it, has changed South Africa""

The Springboks bring the Rugby Wor‚Ä¶ https://t.co/QNXi8HIPQ9",0.0,0.0,1.0,0.0
83,BBCWorld,Wed Nov 06 08:18:05 +0000 2019,Boeing whistleblower raises doubts over 787 oxygen system https://t.co/m5WzoFijVp,-0.296,0.0,0.784,0.216
84,BBCWorld,Wed Nov 06 08:03:42 +0000 2019,California murder suspects escaped jail through 22-inch hole https://t.co/XYh1V4HC4s,-0.7964,0.0,0.496,0.504
85,BBCWorld,Wed Nov 06 06:20:15 +0000 2019,Ana Kri√©gel murder: What next for Irish youth justice? https://t.co/3J0Go1tU5u,-0.3182,0.211,0.497,0.292
86,BBCWorld,Wed Nov 06 05:31:51 +0000 2019,Why Democrat state election gains should concern Trump https://t.co/bYvxIZIEWf,0.34,0.231,0.769,0.0
87,BBCWorld,Wed Nov 06 05:20:27 +0000 2019,Democrats claim victory in key Virginia and Kentucky elections https://t.co/7gM6vz2hgS,0.0,0.0,1.0,0.0
88,BBCWorld,Wed Nov 06 04:00:47 +0000 2019,RT @SallyBundockBBC: How to get kids off screens and move them to audio - that is the challenge that #Spotify and other big names in #podca‚Ä¶,0.0772,0.051,0.949,0.0
89,BBCWorld,Wed Nov 06 03:57:06 +0000 2019,Pro-Beijing lawmaker stabbed by 'fake supporter' in Hong Kong https://t.co/V8JZkc4tJE,-0.5994,0.139,0.464,0.397
90,BBCWorld,Wed Nov 06 03:03:10 +0000 2019,Grace Millane murder: Prosecution presents first evidence https://t.co/zDH8S6N59Z,-0.7269,0.178,0.318,0.503
91,BBCWorld,Wed Nov 06 02:40:08 +0000 2019,Matildas: Australia women's football team in landmark pay deal https://t.co/YvUP2dT09b,-0.0258,0.121,0.748,0.131
92,BBCWorld,Wed Nov 06 01:23:40 +0000 2019,California murder suspects escaped jail through 22-inch hole https://t.co/y4Rn4uTELz,-0.7964,0.0,0.496,0.504
93,BBCWorld,Wed Nov 06 01:05:04 +0000 2019,Hunters of rare Swiss ibex stir Alps wildlife row https://t.co/5kargrMmao,0.0,0.0,1.0,0.0
94,BBCWorld,Wed Nov 06 00:25:58 +0000 2019,Pakistan police investigate 'joint suicide' of sisters-in-law https://t.co/Nts58kYpny,-0.6705,0.0,0.609,0.391
95,BBCWorld,Wed Nov 06 00:23:25 +0000 2019,Spanish election: Five face off in race to run Spain https://t.co/zNt7jIHevX,0.0,0.0,1.0,0.0
96,BBCWorld,Wed Nov 06 00:21:03 +0000 2019,How Cuban art fed Africa's liberation struggles https://t.co/n7VGv72CUK,-0.3612,0.0,0.737,0.263
97,BBCWorld,Tue Nov 05 22:15:56 +0000 2019,Brazil dam owner Vale failed to report danger signs - regulator https://t.co/yy1Uxs383a,-0.7717,0.0,0.573,0.427
98,BBCWorld,Tue Nov 05 22:02:05 +0000 2019,Mexico Mormons: Who are the US victims of ambush attack? https://t.co/mGjgjIukm0,-0.6597,0.0,0.625,0.375
99,BBCWorld,Tue Nov 05 21:34:07 +0000 2019,Jean-Claude Juncker: 'I've had enough Brexit' outgoing EU chief says https://t.co/FJK0q5rWX7,0.296,0.18,0.82,0.0
100,CNN,Thu Nov 07 21:23:13 +0000 2019,"For the first time in 19 years, a team of scientists has detected a new strain of HIV https://t.co/T8ipqKBjV1",-0.0516,0.0,0.93,0.07
101,CNN,Thu Nov 07 21:17:43 +0000 2019,"Sen. Bernie Sanders says he would place a moratorium on deportations, end raids by Immigrations and Customs Enforce‚Ä¶ https://t.co/sUMf6rc9tG",0.0,0.0,1.0,0.0
102,CNN,Thu Nov 07 21:12:09 +0000 2019,"Politicians around the world are often accused of evading difficult questions, but a local mayor in Chile took thin‚Ä¶ https://t.co/F1aFO2TgNr",-0.3291,0.0,0.835,0.165
103,CNN,Thu Nov 07 21:00:19 +0000 2019,A NY state judge ordered Trump to pay $2M to a collection of nonprofit organizations in connection with a settlemen‚Ä¶ https://t.co/ODhsQp7gUq,-0.1027,0.0,0.924,0.076
104,CNN,Thu Nov 07 20:52:52 +0000 2019,"Text messages that appear to have originally been sent on February 14, Valentine's Day, were received more than eig‚Ä¶ https://t.co/YR3AogS7Ig",0.0,0.0,1.0,0.0
105,CNN,Thu Nov 07 20:35:46 +0000 2019,House impeachment investigators released the closed-door deposition transcript of a State Department official who s‚Ä¶ https://t.co/98d3fCXSqa,0.0,0.0,1.0,0.0
106,CNN,Thu Nov 07 20:27:51 +0000 2019,The Vice President dismissed the report and called on the book's author ‚Å†‚Äî who has been described as a senior Trump‚Ä¶ https://t.co/2Gy6afzA6X,0.0,0.0,1.0,0.0
107,CNN,Thu Nov 07 20:14:03 +0000 2019,"The views are spectacular from the highest Central Park-facing hotel suite in New York City, but there's a high pri‚Ä¶ https://t.co/8eVcjjypH6",0.0,0.0,1.0,0.0
108,CNN,Thu Nov 07 20:06:05 +0000 2019,"The Christmas tree that will soon light up Rockefeller Center is already headed to its Manhattan pedestal.

A tree-‚Ä¶ https://t.co/eSfWDl8ZIv",0.0,0.0,1.0,0.0
109,CNN,Thu Nov 07 20:00:16 +0000 2019,"A newly discovered species of ape may have been walking on two feet almost 12 million years ago in Europe, scientis‚Ä¶ https://t.co/e5XP0db1nb",0.0,0.0,1.0,0.0
110,CNN,Thu Nov 07 19:50:04 +0000 2019,Ten people at a care facility in Oklahoma were hospitalized after they were injected with insulin instead of a flu‚Ä¶ https://t.co/aelRXdr8PA,0.4939,0.151,0.849,0.0
111,CNN,Thu Nov 07 19:40:07 +0000 2019,"With extended stays in space becoming more commonplace and longer missions to the moon and Mars planned, scientists‚Ä¶ https://t.co/c3oOv384xo",0.0,0.0,1.0,0.0
112,CNN,Thu Nov 07 19:30:07 +0000 2019,Scientists from NASA have opened up an untouched Moon rock and soil sample that was brought back by the Apollo 17 l‚Ä¶ https://t.co/QB7dT7GSn4,0.0,0.0,1.0,0.0
113,CNN,Thu Nov 07 19:20:04 +0000 2019,A Christian comedian has issued a lengthy statement and canceled his tour after allegations surfaced that he to use‚Ä¶ https://t.co/fhfwUlP5nN,0.3818,0.133,0.867,0.0
114,CNN,Thu Nov 07 19:10:03 +0000 2019,"President Trump made 50 false claims last week. Not good, per se, but it is an improvement from his recent barrage‚Ä¶ https://t.co/EebQRsPE4Q",0.5101,0.156,0.778,0.066
115,CNN,Thu Nov 07 19:00:01 +0000 2019,No wind? No sun? This power plant solves renewable energy's biggest problem. https://t.co/oHVCfnzcom https://t.co/UUCTSrYZHV,-0.6553,0.107,0.511,0.381
116,CNN,Thu Nov 07 18:57:18 +0000 2019,High school students helped a young boy with cerebral palsy transform into The Incredible Hulk for Halloween‚Ä¶ https://t.co/14POkgJj5g,0.0,0.0,1.0,0.0
117,CNN,Thu Nov 07 18:50:05 +0000 2019,Have you ever wondered why certain pop songs just make you feel so good? Researchers studying the question found th‚Ä¶ https://t.co/vCYrqfbaZo,0.7042,0.235,0.765,0.0
118,CNN,Thu Nov 07 18:45:06 +0000 2019,"House Democrats are signaling they are now on a fast-track in their impeachment proceedings, avoiding court battles‚Ä¶ https://t.co/LBaXxcnOF2",-0.34,0.0,0.87,0.13
119,CNN,Thu Nov 07 18:40:00 +0000 2019,Watch this billionaire get choked up talking about Elizabeth Warren's wealth tax https://t.co/waqxCp80mm https://t.co/7sLS14hZtt,0.0258,0.175,0.656,0.169
120,CNN,Thu Nov 07 18:30:01 +0000 2019,"""Dear God, everybody Pray!""

In the hours after the massacre of three mothers and six of their children on a road i‚Ä¶ https://t.co/r1dVCD7kVi",0.6114,0.2,0.8,0.0
121,CNN,Thu Nov 07 18:20:03 +0000 2019,"In an attempt to get homeless people off city streets, the Las Vegas City Council has passed an ordinance that make‚Ä¶ https://t.co/OjBFmSmK3X",0.0,0.0,1.0,0.0
122,CNN,Thu Nov 07 18:10:06 +0000 2019,"""Baby! Hi, I love you!"" the woman mumbled as she waved before later breaking into a little dance while inside the l‚Ä¶ https://t.co/v5VWEaI9wq",0.6988,0.193,0.807,0.0
123,CNN,Thu Nov 07 18:00:06 +0000 2019,The House Intelligence committee did not issue a subpoena to John Bolton after his attorney threatened to go to cou‚Ä¶ https://t.co/dWm7KF0Dz8,0.0258,0.129,0.747,0.124
124,CNN,Thu Nov 07 17:50:05 +0000 2019,"His nomination will now move to the full Senate, which will vote on his life time appointment in the coming weeks.‚Ä¶ https://t.co/G189GXnI9m",0.0,0.0,1.0,0.0
125,CNN,Thu Nov 07 17:40:06 +0000 2019,"Lt. Col. Alexander Vindman, the National Security Council's top Ukraine expert who testified last week before House‚Ä¶ https://t.co/4ytGTRwq55",0.4939,0.208,0.792,0.0
126,CNN,Thu Nov 07 17:30:09 +0000 2019,Sen. Elizabeth Warren criticized US weapons sales to Saudi Arabia and the United Arab Emirates following a new CNN‚Ä¶ https://t.co/T5bt6ibezd,-0.3818,0.116,0.661,0.223
127,CNN,Thu Nov 07 17:22:00 +0000 2019,"Queen Elizabeth II has ditched real fur in her outfits and instead will opt for fake, according to her senior dress‚Ä¶ https://t.co/eHski1GB8c",-0.4767,0.0,0.871,0.129
128,CNN,Thu Nov 07 17:14:03 +0000 2019,"Italian school students in every grade will be required to study climate change and sustainability, in an attempt t‚Ä¶ https://t.co/kD6YiWUS5u",0.0,0.0,1.0,0.0
129,CNN,Thu Nov 07 17:00:21 +0000 2019,". @LisaLing attends the country‚Äôs largest swingers party in New Orleans, and learns how the swinging lifestyle is e‚Ä¶ https://t.co/oHRT4jyxb5",0.4019,0.13,0.87,0.0
130,CNN,Thu Nov 07 17:00:05 +0000 2019,"Inside a torched car riddled with bullet holes, a tiny sign of life emerged. A 7-month-old baby was alive. She surv‚Ä¶ https://t.co/Y6I8Ja3zwa",0.3818,0.126,0.874,0.0
131,CNN,Thu Nov 07 16:50:00 +0000 2019,"""Dear Mrs. Chambers, I don't think that teachers get paid enough for what they do, so, will you accept this gift?""‚Ä¶ https://t.co/b9V7BXLG1Y",0.6666,0.223,0.777,0.0
132,CNN,Thu Nov 07 16:43:02 +0000 2019,The Red Sea is home to some of the world's best and most beautiful coral reefs. Here's how you can explore them in‚Ä¶ https://t.co/6YIbP2fzHP,0.8553,0.276,0.724,0.0
133,CNN,Thu Nov 07 16:41:08 +0000 2019,"Clifton Blackwell, the Milwaukee man accused of throwing acid last week on a US citizen born in Peru, is being char‚Ä¶ https://t.co/TxA2tWkvT0",-0.296,0.0,0.901,0.099
134,CNN,Thu Nov 07 16:25:02 +0000 2019,"For the first time in 19 years, a team of scientists detected a new strain of HIV. https://t.co/UWfG39MaEj https://t.co/ZcPANXrJtW",-0.0516,0.0,0.93,0.07
135,CNN,Thu Nov 07 16:16:39 +0000 2019,"Collins Dictionary has named ""climate strike"" as its word of the year, defining it as ""a form of protest in which p‚Ä¶ https://t.co/l7aJIcodi8",-0.3612,0.0,0.857,0.143
136,CNN,Thu Nov 07 16:00:14 +0000 2019,John O'Connor is the transit worker whose fast moves saved a man who slipped onto the tracks as a train approached.‚Ä¶ https://t.co/FN3SC03FlI,0.4215,0.128,0.872,0.0
137,CNN,Thu Nov 07 15:51:23 +0000 2019,This one-legged skeleton is believed to be one of Napoleon Bonaparte's generals. A team of archaeologists discovere‚Ä¶ https://t.co/ruAVlOHTNe,0.0,0.0,1.0,0.0
138,CNN,Thu Nov 07 15:40:05 +0000 2019,"After more than 30 years with the Chicago Police, Superintendent Eddie Johnson is expected to announce that he is r‚Ä¶ https://t.co/4oRg2sqXA8",0.0,0.0,1.0,0.0
139,CNN,Thu Nov 07 15:31:37 +0000 2019,A 10-year-old boy walking home from school in Philadelphia was critically injured Wednesday when he was shot in the‚Ä¶ https://t.co/7bzNlHI6ko,-0.4019,0.0,0.87,0.13
140,CNN,Thu Nov 07 15:20:22 +0000 2019,"She lost by 0 votes in 2017. This year, she won by 3,487. https://t.co/YIdQ7ZsNDO https://t.co/MQx1MPxUJG",0.34,0.206,0.667,0.128
141,CNN,Thu Nov 07 15:11:38 +0000 2019,A new study finds people who feel they aren't supported by their extended family are more likely to suffer chronic‚Ä¶ https://t.co/oDSMsTsEah,-0.6933,0.0,0.759,0.241
142,CNN,Thu Nov 07 14:58:50 +0000 2019,"Facing increased scrutiny, Facebook is considering making some changes to how it handles political ads, a source te‚Ä¶ https://t.co/hxI4nH2Ynp",0.2732,0.11,0.89,0.0
143,CNN,Thu Nov 07 14:56:29 +0000 2019,Two-time World Cup winner Alex Morgan says she plans to return to the national team in time for the 2020 Olympics https://t.co/PUEAgoGspn,0.5859,0.153,0.847,0.0
144,CNN,Thu Nov 07 14:42:49 +0000 2019,"Do you suffer from insomnia? You may be more likely to suffer a heart attack or stroke or develop heart disease, ac‚Ä¶ https://t.co/WVRtpTyVCw",-0.8779,0.0,0.653,0.347
145,CNN,Thu Nov 07 14:35:23 +0000 2019,"Italian school students in every grade will be required to study climate change and sustainability, in an attempt t‚Ä¶ https://t.co/5mHl9LxBUF",0.0,0.0,1.0,0.0
146,CNN,Thu Nov 07 14:22:30 +0000 2019,More than 2 million pounds of poultry products have been recalled in eight states over fears of contamination with‚Ä¶ https://t.co/aiCKh66T09,-0.4215,0.0,0.865,0.135
147,CNN,Thu Nov 07 14:10:12 +0000 2019,25-year-old New Zealand lawmaker Chl√∂e Swarbrick was giving a speech supporting a climate crisis bill when she was‚Ä¶ https://t.co/8i1yFgJlMB,0.0516,0.226,0.598,0.175
148,CNN,Thu Nov 07 14:07:44 +0000 2019,"Sen. Bernie Sanders says he would place a moratorium on deportations, end raids by Immigrations and Customs Enforce‚Ä¶ https://t.co/bu4vXrgsYh",0.0,0.0,1.0,0.0
149,CNN,Thu Nov 07 13:50:10 +0000 2019,Some Trump voters say they're eager to see what emerges from public hearings. And some Democrats say they're fretti‚Ä¶ https://t.co/zLZ7twuXG8,0.3612,0.116,0.884,0.0
150,CNN,Thu Nov 07 13:42:25 +0000 2019,"For years, Midland, Texas, was a quiet corner of the oil patch in the middle of the desert. Then came fracking, and‚Ä¶ https://t.co/MUY5qFRXsh",0.0,0.0,1.0,0.0
151,CNN,Thu Nov 07 13:33:52 +0000 2019,"Astronaut Andrew Morgan cast an early vote from space last month, weighing in on a Pennsylvania election, NASA says https://t.co/uean7tgUNE",0.0,0.0,1.0,0.0
152,CNN,Thu Nov 07 13:21:34 +0000 2019,"RT @NewDay: Six swing voters from Pennsylvania, all white women without college degrees, discuss the 2020 race.
Lisa Marie Halecky says she‚Ä¶",0.0,0.0,1.0,0.0
153,CNN,Thu Nov 07 13:10:04 +0000 2019,"Clifton Blackwell, the Milwaukee man accused of throwing acid last week on a US citizen born in Peru, is being char‚Ä¶ https://t.co/jMvBbx5r26",-0.296,0.0,0.901,0.099
154,CNN,Thu Nov 07 13:06:02 +0000 2019,"An elderly man in Hawaii was reported missing, and when authorities went to the man's home on Monday, they discover‚Ä¶ https://t.co/Yx2zbfpjDK",-0.296,0.0,0.901,0.099
155,CNN,Thu Nov 07 13:02:08 +0000 2019,"A Georgia man who used racial slurs and got into a fight with his targets was then shot and killed by one of them,‚Ä¶ https://t.co/N8sIBa9uVH",-0.7964,0.0,0.747,0.253
156,CNN,Thu Nov 07 12:46:54 +0000 2019,Fifteen men found in the back of a truck in southwest England were arrested on Thursday on suspicion of entering th‚Ä¶ https://t.co/I96xsJV1z5,-0.6908,0.0,0.769,0.231
157,CNN,Thu Nov 07 12:30:08 +0000 2019,"For months, it has been a behind closed-doors, off-the-record conversation. Bankers and money managers grumbling th‚Ä¶ https://t.co/j5DCSxeTyZ",0.0,0.0,1.0,0.0
158,CNN,Thu Nov 07 12:20:44 +0000 2019,"Collins Dictionary has named ""climate strike"" as its word of the year, defining it as ""a form of protest in which p‚Ä¶ https://t.co/WY8tpSfCBv",-0.3612,0.0,0.857,0.143
159,CNN,Thu Nov 07 12:10:49 +0000 2019,Two former Twitter employees allegedly used their access to gather sensitive and nonpublic information on dissident‚Ä¶ https://t.co/dLxwqXl54a,0.0,0.0,1.0,0.0
160,CNN,Thu Nov 07 11:50:30 +0000 2019,"Do you suffer from insomnia? You may be more likely to suffer a heart attack or stroke or develop heart disease, ac‚Ä¶ https://t.co/uU75P2St7U",-0.8779,0.0,0.653,0.347
161,CNN,Thu Nov 07 11:40:17 +0000 2019,More than 100 school-age girls -- including two as young as 12 -- have been strip searched by police in Australia's‚Ä¶ https://t.co/yEoeRJfERO,0.0,0.0,1.0,0.0
162,CNN,Thu Nov 07 11:39:23 +0000 2019,"Pringles has unveiled a seasonal food-flavored chip feast, and it's poised to replace the whole Thanksgiving spread. https://t.co/HiGnGooX1o",0.25,0.111,0.889,0.0
163,CNN,Thu Nov 07 11:31:06 +0000 2019,"Just that morning, they had seen the three women and their 14 children off to visit family. Now, loved ones and inv‚Ä¶ https://t.co/NlduTsylgO",0.5994,0.151,0.849,0.0
164,CNN,Thu Nov 07 11:27:17 +0000 2019,25-year-old New Zealand lawmaker Chl√∂e Swarbrick was giving a speech supporting a climate crisis bill when she was‚Ä¶ https://t.co/SXym2YFsBR,0.0516,0.226,0.598,0.175
165,CNN,Thu Nov 07 11:20:08 +0000 2019,"Three employees were shot Wednesday evening at a Church's Chicken in Otay Mesa, California, the San Diego Police De‚Ä¶ https://t.co/WbnTR6IL9f",0.0,0.0,1.0,0.0
166,CNN,Thu Nov 07 11:11:06 +0000 2019,"Sen. Bernie Sanders says he would place a moratorium on deportations, end raids by Immigrations and Customs Enforce‚Ä¶ https://t.co/nFBEvGjdPP",0.0,0.0,1.0,0.0
167,CNN,Thu Nov 07 11:07:09 +0000 2019,Steve McCurry's photos show the complex relationship between humans and animals https://t.co/8q9RgGD34C https://t.co/GyM1TdLlL9,0.0,0.0,1.0,0.0
168,CNN,Thu Nov 07 10:59:54 +0000 2019,"Astronaut Andrew Morgan cast an early vote from space last month, weighing in on a Pennsylvania election, NASA says https://t.co/fcIaSRYs7K",0.0,0.0,1.0,0.0
169,CNN,Thu Nov 07 10:51:07 +0000 2019,"Rather than walking into a sweetheart deal with the US, the UK is likely to be confronted by a phalanx of hard-nose‚Ä¶ https://t.co/BoTxTE52UZ",0.5423,0.171,0.757,0.072
170,CNN,Thu Nov 07 10:43:05 +0000 2019,A 10-year-old boy walking home from school in Philadelphia was critically injured Wednesday when he was shot in the‚Ä¶ https://t.co/eV6H1TTNnI,-0.4019,0.0,0.87,0.13
171,CNN,Thu Nov 07 10:40:54 +0000 2019,"Former Vice President Joe Biden has sharply escalated his attacks on Sen. Elizabeth Warren in recent days, shifting‚Ä¶ https://t.co/UHJmaSU503",-0.4404,0.0,0.861,0.139
172,CNN,Thu Nov 07 10:32:09 +0000 2019,"Saudi Aramco makes more money than any other company on Earth. But low oil prices, the climate crisis and geopoliti‚Ä¶ https://t.co/NWcTOiQMDD",-0.8519,0.0,0.696,0.304
173,CNN,Thu Nov 07 10:23:31 +0000 2019,Two former Twitter employees allegedly used their access at the social media giant to gather sensitive and nonpubli‚Ä¶ https://t.co/juQ911fawo,0.0,0.0,1.0,0.0
174,CNN,Thu Nov 07 10:14:53 +0000 2019,"Sen. Lindsey Graham criticized House Democrats' impeachment inquiry on Wednesday while also issuing a rebuke, and p‚Ä¶ https://t.co/8ZHg6rZyha",-0.3612,0.0,0.865,0.135
175,CNN,Thu Nov 07 10:08:03 +0000 2019,Nine members of a cross-border fentanyl smuggling ring were sentenced at a public hearing in a Chinese courtroom Th‚Ä¶ https://t.co/WoshNagJMR,-0.4939,0.0,0.781,0.219
176,CNN,Thu Nov 07 09:59:06 +0000 2019,President Trump and his allies are bracing for open hearings that will preoccupy Washington and bring to life the v‚Ä¶ https://t.co/WXGLVYo2HS,0.0,0.0,1.0,0.0
177,CNN,Thu Nov 07 09:50:39 +0000 2019,"Kahzin Daniels believes he can serve as an inspiration for children. The football player, who lost vision in one of‚Ä¶ https://t.co/lCda2vGMst",0.4767,0.21,0.7,0.089
178,CNN,Thu Nov 07 09:41:53 +0000 2019,"This week's massacre at the Sonora-Chihuahua border hits home. Not only because that's the region where I grew up,‚Ä¶ https://t.co/ikidV5PSjq",0.0,0.0,1.0,0.0
179,CNN,Thu Nov 07 09:36:39 +0000 2019,"The Democratic National Committee will no longer host its sixth debate at the University of California, Los Angeles‚Ä¶ https://t.co/eZBfZ8dPkB",-0.296,0.0,0.891,0.109
180,CNN,Thu Nov 07 09:27:13 +0000 2019,"Three employees were shot Wednesday evening at a Church's Chicken in Otay Mesa, California, the San Diego Police De‚Ä¶ https://t.co/AvgREuAbJy",0.0,0.0,1.0,0.0
181,CNN,Thu Nov 07 09:25:18 +0000 2019,"A federal judge in New York has blocked HHS' so-called conscience rule, which lets health care workers who cite mor‚Ä¶ https://t.co/BXN2VSUl5a",0.2732,0.137,0.773,0.09
182,CNN,Thu Nov 07 09:16:04 +0000 2019,"Euroskeptics have long been fond of claiming that Brexit will turn Britain into an independent, free-trading nation‚Ä¶ https://t.co/O901zgvI5e",0.4404,0.146,0.854,0.0
183,CNN,Thu Nov 07 09:09:51 +0000 2019,Former White House chief strategist Steve Bannon is expected to testify against Roger Stone in his trial for lying‚Ä¶ https://t.co/WwAIFkaFMG,0.0,0.0,1.0,0.0
184,CNN,Thu Nov 07 09:03:00 +0000 2019,Fact check: Does the 6th Amendment require the whistleblower to face President Trump? https://t.co/gpdoL7Mn0Z https://t.co/ORuFKzNjZD,0.0,0.0,1.0,0.0
185,CNN,Thu Nov 07 08:54:43 +0000 2019,The impeachment inquiry has uncovered at least three examples of the quid pro quo between the Trump administration‚Ä¶ https://t.co/cWiRBKtVpg,0.0,0.0,1.0,0.0
186,CNN,Thu Nov 07 08:46:27 +0000 2019,Bud Light Seltzer will debut in the first quarter of 2020 https://t.co/A9nfhVbzHD,0.0,0.0,1.0,0.0
187,CNN,Thu Nov 07 08:38:12 +0000 2019,The US is investigating whether Turkey violated agreements with Washington about the use of US-provided weapons and‚Ä¶ https://t.co/LTK3EyVjY2,-0.6369,0.09,0.641,0.269
188,CNN,Thu Nov 07 08:29:54 +0000 2019,"-Kentucky elects first black AG
-Scranton elects first female mayor
-Cyclist who flipped off Trump motorcade wins l‚Ä¶ https://t.co/KpHovo5h2f",0.5719,0.171,0.829,0.0
189,CNN,Thu Nov 07 08:21:39 +0000 2019,"As the top US diplomat in Ukraine was working to release frozen security assistance to Kiev, he discovered the focu‚Ä¶ https://t.co/3lGFIXdWXS",0.4939,0.181,0.819,0.0
190,CNN,Thu Nov 07 08:13:17 +0000 2019,"Former Vice President Joe Biden bests other candidates in the 2020 Democratic primary, steady with 32%, followed by‚Ä¶ https://t.co/oipYZ0cRi5",0.0,0.0,1.0,0.0
191,CNN,Thu Nov 07 08:03:53 +0000 2019,25-year-old New Zealand lawmaker Chl√∂e Swarbrick was giving a speech supporting a climate crisis bill when she was‚Ä¶ https://t.co/M2wXxOfiso,0.0516,0.226,0.598,0.175
192,CNN,Thu Nov 07 07:56:28 +0000 2019,"Gus Buczek, a 62-year-old firefighter and Marine veteran suffering from terminal pancreatic cancer, got one last ri‚Ä¶ https://t.co/PebgyoPMNJ",-0.8176,0.0,0.667,0.333
193,CNN,Thu Nov 07 07:47:28 +0000 2019,"For years, Midland, Texas, was a quiet corner of the oil patch in the middle of the desert. Then came fracking, and‚Ä¶ https://t.co/joaI4MN3VN",0.0,0.0,1.0,0.0
194,CNN,Thu Nov 07 07:38:39 +0000 2019,"Xerox is reportedly considering buying Hewlett-Packard Inc., but a deal would be complicated by the fact that HP is‚Ä¶ https://t.co/MkaqQX8WlA",0.0,0.0,1.0,0.0
195,CNN,Thu Nov 07 07:29:38 +0000 2019,"A warning system was activated by mistake, leading to fears of a hijacking and bringing Amsterdam's Schiphol Airpor‚Ä¶ https://t.co/iGjLDnUq48",-0.765,0.0,0.648,0.352
196,CNN,Thu Nov 07 07:20:46 +0000 2019,"Do you suffer from insomnia? You may be more likely to suffer a heart attack or stroke or develop heart disease, ac‚Ä¶ https://t.co/9nn11fHP1N",-0.8779,0.0,0.653,0.347
197,CNN,Thu Nov 07 07:12:03 +0000 2019,Recall alert: More than 2 million pounds of poultry products have been recalled in eight states over fears of conta‚Ä¶ https://t.co/ScGS4riUvw,-0.1531,0.096,0.783,0.122
198,CNN,Thu Nov 07 07:05:51 +0000 2019,"The death was ruled a homicide after an autopsy found methamphetamine in the stillborn baby's system, police say https://t.co/DMQFBQ6QLp",-0.5994,0.0,0.813,0.187
199,CNN,Thu Nov 07 06:58:02 +0000 2019,"Despite being invisible for days, Rudy Giuliani is emerging (with President Trump) as the most dominant and intrigu‚Ä¶ https://t.co/w7eAfCifb1",0.0,0.0,1.0,0.0
200,CBSNews,Thu Nov 07 21:23:48 +0000 2019,"RT @CBSThisMorning: This morning while on her way out of the studio, @Oprah Winfrey crashed our @CBSNews morning meeting and everyone's fac‚Ä¶",0.0,0.0,1.0,0.0
201,CBSNews,Thu Nov 07 21:19:39 +0000 2019,More than 60 endangered turtles disappear from zoo in Japan https://t.co/HQYbzRyxgf https://t.co/lO0EzNjw9D,-0.2263,0.0,0.853,0.147
202,CBSNews,Thu Nov 07 21:11:33 +0000 2019,Facebook has lawsuits coming at them ‚Äúfrom every direction because every Attorney General will gain politically if‚Ä¶ https://t.co/dmt2MEVWeb,0.4215,0.162,0.762,0.076
203,CBSNews,Thu Nov 07 21:09:32 +0000 2019,"Rapper T.I. says he visits the gynecologist every year with daughter to ""check her hymen"" https://t.co/DgVZpkzcgj https://t.co/OlXBRzC6r1",0.0,0.0,1.0,0.0
204,CBSNews,Thu Nov 07 21:04:09 +0000 2019,.@nxthompson says California‚Äôs long-running investigation into Facebook‚Äôs privacy practices only became public ‚Äúbec‚Ä¶ https://t.co/cYuSxi3lVf,0.0,0.0,1.0,0.0
205,CBSNews,Thu Nov 07 20:59:45 +0000 2019,"Met Gala 2020 theme announced: It's ""About Time"" https://t.co/lskUrX4NDU https://t.co/3rWDB8sIlt",0.0,0.0,1.0,0.0
206,CBSNews,Thu Nov 07 20:53:29 +0000 2019,‚ÄúIt really appears that the Attorney General does not want to attach his name to any statements related to this cal‚Ä¶ https://t.co/dijEty2ZzB,-0.0572,0.0,0.945,0.055
207,CBSNews,Thu Nov 07 20:39:58 +0000 2019,"Chants of ""four more years"" erupted after Vice President Mike Pence arrived at the New Hampshire State House. He wa‚Ä¶ https://t.co/bfcmUOQfsE",0.0,0.0,1.0,0.0
208,CBSNews,Thu Nov 07 20:22:35 +0000 2019,"Elizabeth Warren uses the criticism she receives from billionaires regarding her tax plan ‚Äúto fuel her campaign,‚Äù‚Ä¶ https://t.co/nVoWKvnq2r",-0.4404,0.0,0.854,0.146
209,CBSNews,Thu Nov 07 20:19:30 +0000 2019,Dating apps turn finding love into a video game ‚Äì and lots of people lose https://t.co/u8jlJQwdeY https://t.co/IJvO1HjMk4,0.3612,0.211,0.653,0.136
210,CBSNews,Thu Nov 07 20:06:22 +0000 2019,‚ÄúIt's cutting into the housing supply‚Äù: Airbnb has suffered a major setback in Jersey City after residents voted to‚Ä¶ https://t.co/1eKhj4NxK8,-0.5719,0.0,0.783,0.217
211,CBSNews,Thu Nov 07 20:00:01 +0000 2019,Chicago Police Superintendent Eddie Johnson announces retirement https://t.co/TAL89ec1St https://t.co/RTn8t5HjXO,0.0,0.0,1.0,0.0
212,CBSNews,Thu Nov 07 19:55:53 +0000 2019,JUST IN: New York judge orders Trump to pay $2 million for misusing foundation funds https://t.co/us2vByG3Sm https://t.co/Ef9ubS78Cv,-0.1027,0.0,0.92,0.08
213,CBSNews,Thu Nov 07 19:49:14 +0000 2019,‚ÄúThe country is¬†really struggling‚Äù: @iaivanova reports on the housing issue across the United States‚Ä¶ https://t.co/Eyvu2lEC3L,0.4215,0.157,0.843,0.0
214,CBSNews,Thu Nov 07 19:39:36 +0000 2019,FBI arrests Puerto Rico senator and 7 others in corruption probe https://t.co/md2IKc5xc8 https://t.co/OzMMrNrz7v,-0.4404,0.0,0.791,0.209
215,CBSNews,Thu Nov 07 19:37:44 +0000 2019,RT @WDYGTN: Many Iowan voters appreciate how 2020 Democratic presidential candidate Mayor @PeteButtigieg talks about his faith and how it i‚Ä¶,0.6705,0.224,0.776,0.0
216,CBSNews,Thu Nov 07 19:26:01 +0000 2019,"RT @FaceTheNation: 65TH ANNIVERSARY: From one moderator to the next, our @Facethenation hosts have passed the baton to their successors ove‚Ä¶",0.2732,0.095,0.905,0.0
217,CBSNews,Thu Nov 07 19:19:42 +0000 2019,"Report says 41% of voters in ""blue wall"" states haven't decided who they'll support in 2020 https://t.co/btU9MH5xiY https://t.co/eB7dNH3Pve",0.4019,0.137,0.863,0.0
218,CBSNews,Thu Nov 07 19:13:20 +0000 2019,‚ÄúThere are absolutely some members that still don't believe climate change is real‚Äù: @RebeccaBeitsch explains why t‚Ä¶ https://t.co/1d9l6kh1Z6,0.0,0.0,1.0,0.0
219,CBSNews,Thu Nov 07 18:59:48 +0000 2019,"1 in 4 Americans defaulted on their student loans, study finds https://t.co/eFistWw9DS https://t.co/Al4Kv3NUqA",0.0,0.0,1.0,0.0
220,CBSNews,Thu Nov 07 18:27:51 +0000 2019,"‚ÄúThis cuts to the core of the Joe Biden theme"": @ec_schneider says Biden calling Warren an ‚Äúelitist‚Äù is a key part‚Ä¶ https://t.co/B4Sd4cSYnH",-0.296,0.0,0.901,0.099
221,CBSNews,Thu Nov 07 18:19:45 +0000 2019,"Dramatic video shows woman ""saved lives"" before being killed, victim's mother says https://t.co/rIjCEzJ48d https://t.co/JCG4Q7vmYS",-0.4019,0.145,0.622,0.233
222,CBSNews,Thu Nov 07 17:59:40 +0000 2019,"""Climate strike"" named word of the year by Collins Dictionary https://t.co/x9Hiicf1UG https://t.co/Y63bCgtURo",-0.128,0.0,0.88,0.12
223,CBSNews,Thu Nov 07 17:39:51 +0000 2019,"Rapper T.I. says he visits the gynecologist every year with daughter to ""check her hymen"" https://t.co/jpJ8RbV85V https://t.co/dwdWAOYxXY",0.0,0.0,1.0,0.0
224,CBSNews,Thu Nov 07 17:19:47 +0000 2019,President Trump wanted Barr to clear his name on Ukraine by holding news conference https://t.co/7ounjQXxLn https://t.co/zom4wHA1Mc,0.3818,0.148,0.852,0.0
225,CBSNews,Thu Nov 07 17:10:06 +0000 2019,"This woman was shocked when her boyfriend proposed on her last day of chemo. Then, he filmed her reaction during an‚Ä¶ https://t.co/nUm6BJzJq8",-0.3182,0.0,0.901,0.099
226,CBSNews,Thu Nov 07 17:08:17 +0000 2019,"As most U.S. troops withdraw, others move into Syria to help guard oil fields. @charliecbs says some are criticizin‚Ä¶ https://t.co/xWqFWPLiPF",0.4019,0.124,0.876,0.0
227,CBSNews,Thu Nov 07 16:59:59 +0000 2019,Funerals for 9 Americans killed in Mexico ambush draw hundreds of mourners https://t.co/EbM5A5ZF37 https://t.co/PYDKGmNzWm,-0.872,0.0,0.503,0.497
228,CBSNews,Thu Nov 07 16:39:50 +0000 2019,"Chemistry teacher ""froze in pure shock"" after botched experiment set teen on fire https://t.co/35nwvvYtbS https://t.co/rN1orOX063",-0.6124,0.0,0.722,0.278
229,CBSNews,Thu Nov 07 16:25:11 +0000 2019,All Democratic senators running for president support the impeachment of President Trump. @alexwagner explains how‚Ä¶ https://t.co/64KEOWHVqe,0.4019,0.153,0.847,0.0
230,CBSNews,Thu Nov 07 16:22:39 +0000 2019,"‚ÄúIt‚Äôs not incredibly new territory to have our country be this divided,‚Äù @margbrennan says, as she looks back at th‚Ä¶ https://t.co/siqoF3vsNf",0.0,0.0,1.0,0.0
231,CBSNews,Thu Nov 07 16:19:34 +0000 2019,More than 2 million pounds of chicken recalled due to possible metal contamination https://t.co/p5oTeY1phX https://t.co/t8u5m2TqYh,0.0,0.0,1.0,0.0
232,CBSNews,Thu Nov 07 16:00:01 +0000 2019,"Oprah reveals ""Olive, Again"" by Elizabeth Strout as new book club pick https://t.co/n8bUKqZUdU https://t.co/qwM1GlRleN",0.0,0.0,1.0,0.0
233,CBSNews,Thu Nov 07 15:39:30 +0000 2019,"Captured al-Baghdadi wife revealed lots of information about ISIS, source says https://t.co/1EDTZhvGRK https://t.co/Idr6VvEzH7",0.0,0.0,1.0,0.0
234,CBSNews,Thu Nov 07 15:21:16 +0000 2019,"Helen Mirren says it's ""flattering"" to be mistaken for Keanu Reeves' girlfriend - but no, she's not dating him‚Ä¶ https://t.co/GsFnqsCxNl",-0.5499,0.0,0.789,0.211
235,CBSNews,Thu Nov 07 14:59:52 +0000 2019,Suspect in Milwaukee acid attack on Hispanic man charged with hate crime https://t.co/0vnn2Pbja1 https://t.co/3doL29EKXT,-0.9231,0.0,0.386,0.614
236,CBSNews,Thu Nov 07 14:41:39 +0000 2019,RT @FaceTheNation: WATCH: Moderator @margbrennan takes a look back at 65 years of @FaceTheNation history and what the prolific show strives‚Ä¶,0.0,0.0,1.0,0.0
237,CBSNews,Thu Nov 07 14:39:36 +0000 2019,Elizabeth Warren tells Bill Gates she'll explain her wealth tax to him https://t.co/0taeXNbZRo https://t.co/mRi7KQULTd,0.4939,0.198,0.802,0.0
238,CBSNews,Thu Nov 07 14:20:18 +0000 2019,"Watch the moment a tornado slams into a factory in southern Greece, sending panels and roof tiles flying through th‚Ä¶ https://t.co/fgokR2Qij2",0.0,0.0,1.0,0.0
239,CBSNews,Thu Nov 07 14:10:15 +0000 2019,RT @CBSThisMorning: .@Oprah to Texas @GovAbbott on the #FreeRodneyReed movement: ‚ÄúThe governor has to pause &amp; look at the 2 million people‚Ä¶,0.0,0.0,1.0,0.0
240,CBSNews,Thu Nov 07 14:09:49 +0000 2019,"RT @WDYGTN: Democrats lost rural voters in Iowa 2-to-1 in the 2016 election. 

How are the 2020 Democratic candidates doing things differen‚Ä¶",-0.3182,0.0,0.901,0.099
241,CBSNews,Thu Nov 07 14:00:01 +0000 2019,Video shows moment 7-month-old baby was found alive after deadly attack in Mexico https://t.co/Afdt8LNxS3 https://t.co/rAE18MtPos,-0.128,0.139,0.695,0.166
242,CBSNews,Thu Nov 07 13:59:16 +0000 2019,Mexican government officials believe the people who ambushed and killed nine Americans mistook them for rival carte‚Ä¶ https://t.co/Ri4VXI1XJt,-0.6705,0.0,0.791,0.209
243,CBSNews,Thu Nov 07 13:57:09 +0000 2019,Family members of the nine Americans killed in Mexico believe it was a targeted attack. @BojorquezCBS explains why‚Ä¶ https://t.co/ouNOBMx28m,-0.8225,0.0,0.678,0.322
244,CBSNews,Thu Nov 07 13:47:17 +0000 2019,"RT @CBSThisMorning: On November 20th, Rodney Reed is scheduled to be executed in Texas after being convicted of raping &amp; killing 19-year-ol‚Ä¶",-0.8807,0.0,0.685,0.315
245,CBSNews,Thu Nov 07 13:44:15 +0000 2019,Two murder suspects who escaped from a California jail last weekend were captured while trying to cross the souther‚Ä¶ https://t.co/Cx54qyLXMt,-0.7964,0.0,0.705,0.295
246,CBSNews,Thu Nov 07 13:29:23 +0000 2019,"The Trump administration is ""beefing up‚Äù its communications team to help the White House fight back in real time wh‚Ä¶ https://t.co/05vCPCqTvO",0.0258,0.111,0.782,0.107
247,CBSNews,Thu Nov 07 13:19:45 +0000 2019,"Kelsey Berreth's last words were ""please stop,"" Patrick Frazee's girlfriend testifies https://t.co/4649mxpOwh https://t.co/L4xKirr3rr",0.3182,0.161,0.839,0.0
248,CBSNews,Thu Nov 07 13:10:09 +0000 2019,"RT @CBSThisMorning: A groundbreaking new study may have the answer doctors have been looking for to treat PTSD. According to the report, a‚Ä¶",0.4019,0.114,0.886,0.0
249,CBSNews,Thu Nov 07 13:09:58 +0000 2019,RT @CBSThisMorning: Sandra Bullock and Ellen DeGeneres are suing pop-up websites over what they say are misleading ads. The stars filed the‚Ä¶,-0.5859,0.0,0.806,0.194
250,CBSNews,Thu Nov 07 12:39:30 +0000 2019,Mexican officials believe gunmen who killed 9 Americans are Ju√°rez drug cartel members https://t.co/XkQQNdRf2f https://t.co/t49ayuVomb,-0.6705,0.0,0.743,0.257
251,CBSNews,Thu Nov 07 12:19:39 +0000 2019,"""OK boomer"": 25-year-old lawmaker shuts down heckler during climate speech https://t.co/nYBDIdi915 https://t.co/TU3DdBv9Fq",0.4466,0.211,0.789,0.0
252,CBSNews,Thu Nov 07 12:05:04 +0000 2019,RT @CBSThisMorning: RIGHT NOW: We are LIVE. Join us for two hours of news this morning on @CBS. https://t.co/OyhBLXrX3W,0.296,0.109,0.891,0.0
253,CBSNews,Thu Nov 07 11:54:48 +0000 2019,Coming up on @CBSThisMorning: @Oprah joins Studio 57 live to reveal the new @oprahsbookclub selection https://t.co/aIhnOsENpj,0.0,0.0,1.0,0.0
254,CBSNews,Thu Nov 07 11:49:32 +0000 2019,"COMING UP: Magic tricks are helping a paramedic take the worry out of emergency calls.

@CBSThisMorning shows you h‚Ä¶ https://t.co/8UjTmK61v0",-0.5859,0.091,0.62,0.289
255,CBSNews,Thu Nov 07 11:39:45 +0000 2019,Top diplomat's testimony offers preview of public impeachment inquiry hearings https://t.co/V7kTW9freG https://t.co/eY9JA1OIK6,0.2023,0.141,0.859,0.0
256,CBSNews,Thu Nov 07 11:33:52 +0000 2019,"AHEAD: Historic impeachment hearings are set to begin next week. 

@CBSThisMorning has what to expect as new detail‚Ä¶ https://t.co/3es8OX7Scs",0.0,0.0,1.0,0.0
257,CBSNews,Thu Nov 07 11:19:53 +0000 2019,Two murder suspects who escaped from California jail caught at U.S.-Mexico border https://t.co/vM6rZ4Pnf7 https://t.co/tghKhMeLcD,-0.7964,0.0,0.628,0.372
258,CBSNews,Thu Nov 07 11:01:18 +0000 2019,"Rapper T.I. says he visits the gynecologist every year with daughter to ""check her hymen"" https://t.co/FiBAPRHXBQ https://t.co/AedPU8vmed",0.0,0.0,1.0,0.0
259,CBSNews,Thu Nov 07 11:00:09 +0000 2019,"Inspired by a video of cats and dogs being rescued from a house fire, one six-year-old raised money for special oxy‚Ä¶ https://t.co/y3lbhazNND",0.743,0.321,0.59,0.089
260,CBSNews,Thu Nov 07 10:48:29 +0000 2019,James Dean to star in movie six decades after death thanks to CGI https://t.co/tLweF8Mc7r https://t.co/gFSmV37G8Z,-0.25,0.146,0.657,0.197
261,CBSNews,Thu Nov 07 10:33:39 +0000 2019,Italy to become first country to make studying climate change compulsory in schools https://t.co/9QQYlLL3Lp https://t.co/7Hyq0gLmS8,0.0,0.0,1.0,0.0
262,CBSNews,Thu Nov 07 10:18:34 +0000 2019,"""OK, boomer"": 25-year-old lawmaker shuts down heckling Parliament member during climate speech‚Ä¶ https://t.co/VNzyMj3Eg3",0.0,0.0,1.0,0.0
263,CBSNews,Thu Nov 07 10:00:51 +0000 2019,Iran takes most significant step yet away from nuclear deal with world powers https://t.co/zvEvU6IQwU https://t.co/Qgd5O3QH50,0.2716,0.13,0.87,0.0
264,CBSNews,Thu Nov 07 09:48:38 +0000 2019,House releases transcript of testimony by top U.S. diplomat in Ukraine https://t.co/mmzZ8ZcHFM https://t.co/5EWGVZUoGG,0.2023,0.13,0.87,0.0
265,CBSNews,Thu Nov 07 09:33:32 +0000 2019,"Family tied to victims in Mexico ambush had ""a few run-ins"" with drug cartels https://t.co/zpEaRDNSrT https://t.co/71b6quFelH",-0.3182,0.0,0.867,0.133
266,CBSNews,Thu Nov 07 09:18:39 +0000 2019,"White supremacist gang member apologizes ""from the bottom of my heart"" ahead of Texas execution‚Ä¶ https://t.co/ajvBVKaBk0",0.4588,0.222,0.778,0.0
267,CBSNews,Thu Nov 07 09:03:37 +0000 2019,"Outfielder Gerardo Parra on how ""Baby Shark"" became the Nationals' anthem https://t.co/bHjj9gNtQJ https://t.co/OI9cQrUgQA",0.0,0.0,1.0,0.0
268,CBSNews,Thu Nov 07 08:48:28 +0000 2019,Man arrested in case of New Hampshire couple found dead on Texas beach https://t.co/g63oFlg5Ig https://t.co/KV41JwKeqf,-0.8126,0.0,0.637,0.363
269,CBSNews,Thu Nov 07 08:33:42 +0000 2019,Could new evidence save Texas death row inmate Rodney Reed? https://t.co/SXQ9tMGljd https://t.co/7Aq0kvElet,-0.1779,0.187,0.585,0.228
270,CBSNews,Thu Nov 07 08:18:35 +0000 2019,Pregnant U.S. soccer star Alex Morgan plans to play in the 2020 Summer Olympics ‚Äì less than four months after givin‚Ä¶ https://t.co/wDuKEos9EL,0.34,0.107,0.893,0.0
271,CBSNews,Thu Nov 07 08:03:29 +0000 2019,Target kicks off its Black Friday deals this week https://t.co/TOiqVIpL1u https://t.co/Ng3Tesy6Xg,0.0,0.0,1.0,0.0
272,CBSNews,Thu Nov 07 07:48:34 +0000 2019,Heavily-armed man arrested in Mexico not linked to deadly ambush on U.S. family https://t.co/FqGwTeAshD https://t.co/SGZAZKU72g,-0.4767,0.0,0.819,0.181
273,CBSNews,Thu Nov 07 07:33:32 +0000 2019,Video shows moment 7-month-old baby was found alive after Mexico attack https://t.co/bbY3bszv3h https://t.co/ynNXeF0B5L,-0.128,0.156,0.659,0.186
274,CBSNews,Thu Nov 07 07:18:43 +0000 2019,"Rapper T.I. says he visits the gynecologist every year with daughter to ""check her hymen"" https://t.co/sXAea01US5 https://t.co/JYUEqD2AO6",0.0,0.0,1.0,0.0
275,CBSNews,Thu Nov 07 07:03:35 +0000 2019,"Gerardo Parra on how ""Baby Shark"" became the Nationals' anthem https://t.co/j236PcacxV https://t.co/MWnxK83vND",0.0,0.0,1.0,0.0
276,CBSNews,Thu Nov 07 06:48:28 +0000 2019,Kansas City votes overwhelmingly to remove Martin Luther King Jr.'s name from historic street‚Ä¶ https://t.co/yXyuFfTVUj,-0.128,0.0,0.903,0.097
277,CBSNews,Thu Nov 07 06:33:41 +0000 2019,WWE star Mustafa Ali fighting stereotypes in and out of the ring https://t.co/etJdMWA6TE https://t.co/lGmaqkuNtO,-0.3612,0.0,0.839,0.161
278,CBSNews,Thu Nov 07 06:18:36 +0000 2019,New Army-funded research shows promise for PTSD treatment featured on 60 Minutes https://t.co/pbT2h2XsK4 https://t.co/6SGF2Q3lu6,0.3182,0.15,0.85,0.0
279,CBSNews,Thu Nov 07 06:01:03 +0000 2019,More than 2 million pounds of chicken recalled due to possible metal contamination https://t.co/1WsJAkmkYd https://t.co/5mFUFypFtp,0.0,0.0,1.0,0.0
280,CBSNews,Thu Nov 07 05:48:38 +0000 2019,Video shows moment 7-month-old baby was found alive after deadly attack in Mexico https://t.co/JAJpOpgQld https://t.co/lDPt2bV9Cx,-0.128,0.139,0.695,0.166
281,CBSNews,Thu Nov 07 05:33:27 +0000 2019,Instagram co-founder says breaking up Facebook won't blunt its power https://t.co/wst16gAC58 https://t.co/JvQngnT5pK,0.0,0.0,1.0,0.0
282,CBSNews,Thu Nov 07 05:18:40 +0000 2019,"Saudi Arabia recruited Twitter workers to spy on users, feds say https://t.co/mWfxHLdSRX https://t.co/TpmNGRGKTi",0.0,0.0,1.0,0.0
283,CBSNews,Thu Nov 07 05:03:32 +0000 2019,Senior discounts at national parks may be on the chopping block https://t.co/pTfbfd0FKC https://t.co/Xr0iRuXIEZ,-0.4404,0.0,0.805,0.195
284,CBSNews,Thu Nov 07 04:48:43 +0000 2019,2020 Daily Trail Markers: Jeff Sessions mounts a comeback bid for Senate https://t.co/oOjqpE4Etk https://t.co/jo89c4QnP0,0.0,0.0,1.0,0.0
285,CBSNews,Thu Nov 07 04:33:37 +0000 2019,Man arrested in case of New Hampshire couple found dead on Texas beach https://t.co/V630X2RInY https://t.co/8T6uUE8DUV,-0.8126,0.0,0.637,0.363
286,CBSNews,Thu Nov 07 04:18:28 +0000 2019,Elderly man dies after falling into a lava tube in Hawaii https://t.co/1qLaicddMI https://t.co/KFv4iLW1Mz,-0.1531,0.0,0.873,0.127
287,CBSNews,Thu Nov 07 04:03:38 +0000 2019,"White supremacist gang member apologizes ""from the bottom of my heart"" ahead of Texas execution‚Ä¶ https://t.co/7KzpBPko9p",0.4588,0.222,0.778,0.0
288,CBSNews,Thu Nov 07 04:00:47 +0000 2019,Congresswoman Ayanna Pressley endorses Sen. Elizabeth Warren for president https://t.co/qCEyByTK1X https://t.co/ZrSmQg3RNb,0.34,0.194,0.806,0.0
289,CBSNews,Thu Nov 07 03:40:16 +0000 2019,This woman made shoveling snow magical ‚Äî by wearing a massive unicorn suit. ü¶Ñ‚ùÑÔ∏è https://t.co/zsDc1yT98q,0.0,0.0,1.0,0.0
290,CBSNews,Thu Nov 07 03:19:54 +0000 2019,2019 could be a record year for CEO departures https://t.co/ArMkNhPcIv https://t.co/WOZkvAIZDN,0.0,0.0,1.0,0.0
291,CBSNews,Thu Nov 07 02:59:39 +0000 2019,"Rapper T.I. says he visits the gynecologist every year with daughter to ""check her hymen"" https://t.co/bllBFoGQVP https://t.co/vRhg8zykxD",0.0,0.0,1.0,0.0
292,CBSNews,Thu Nov 07 02:39:30 +0000 2019,"""Being Trump only works for Trump"": Matt Bevin's ""Trumpy"" style didn't work for him in the Kentucky governor race‚Ä¶ https://t.co/CYrHedHn1H",0.0,0.0,1.0,0.0
293,CBSNews,Thu Nov 07 02:19:38 +0000 2019,"""OK, boomer"": 25-year-old lawmaker shuts down heckling Parliament member during climate speech‚Ä¶ https://t.co/tItPANWTG4",0.0,0.0,1.0,0.0
294,CBSNews,Thu Nov 07 02:01:06 +0000 2019,Elderly man dies after falling into a lava tube in Hawaii https://t.co/H3eaRBwH3s https://t.co/T5Li7iYR67,-0.1531,0.0,0.873,0.127
295,CBSNews,Thu Nov 07 01:39:44 +0000 2019,Pro-Beijing lawmaker stabbed while campaigning in Hong Kong https://t.co/KWGN9Pa1Rv https://t.co/ZVmXI096Rp,-0.4404,0.0,0.756,0.244
296,CBSNews,Thu Nov 07 01:20:10 +0000 2019,New York Gov. Andrew Cuomo says President Trump moved out of the state for Florida to dodge lawsuits ‚Äî including on‚Ä¶ https://t.co/awpZDJmR72,-0.1531,0.0,0.926,0.074
297,CBSNews,Thu Nov 07 00:59:42 +0000 2019,Trump will welcome Turkey's president to White House just weeks after Syria offensive https://t.co/VKwAT4aX3A https://t.co/SJ99n8HAvd,0.0,0.158,0.684,0.158
298,CBSNews,Thu Nov 07 00:39:47 +0000 2019,"Boeing CEO says he ""thought about"" quitting after deadly 737 Max crashes ‚Äî but has no plans to leave‚Ä¶ https://t.co/lX94ZAULKW",-0.4215,0.0,0.865,0.135
299,CBSNews,Thu Nov 07 00:19:44 +0000 2019,"Steve Bannon will testify against Roger Stone, his former Trump campaign colleague https://t.co/oWkKHYnJ6o https://t.co/EkdF2OtCBS",0.0,0.0,1.0,0.0
300,FoxNews,Thu Nov 08 19:18:44 +0000 2018,BREAKING: Federal appeals court rules against Trump administration on DACA https://t.co/KHnrNvEKAM,0.0,0.0,1.0,0.0
301,FoxNews,Thu Nov 08 17:02:25 +0000 2018,"Breaking News: Grand jury indicts captain of Missouri duck boat that sank in severe weather, killing 17 people https://t.co/ffOOgzRwdo",-0.6124,0.115,0.615,0.269
302,FoxNews,Thu Nov 08 15:14:45 +0000 2018,"JUST IN: Police identify gunman who opened fire inside California bar, killing 12 https://t.co/PvITYr54AX",-0.7783,0.0,0.638,0.362
303,FoxNews,Thu Nov 08 14:22:51 +0000 2018,JUST IN: Supreme Court Justice Ruth Bader Ginsburg fractures 3 ribs in fall https://t.co/9UM9hKTz4m,0.7906,0.389,0.611,0.0
304,FoxNews,Thu Nov 08 13:43:25 +0000 2018,"Sgt. Ron Helus was fatally shot when he responded to the mass shooting on Nov. 7 at a bar in Thousand Oaks, Califor‚Ä¶ https://t.co/vOH3OWPN5S",-0.6369,0.0,0.833,0.167
305,FoxNews,Thu Nov 08 13:35:03 +0000 2018,Tom Homan: ‚ÄúIt‚Äôs a tragedy each and every time.‚Äù https://t.co/dMV68Hfdz0 https://t.co/hrq51VJg7x,-0.6597,0.0,0.672,0.328
306,FoxNews,Thu Nov 08 13:22:27 +0000 2018,"People walk away from the scene in Thousand Oaks, Calif. where a gunman opened fire Wednesday.‚Ä¶ https://t.co/O3Oo2iLL8O",-0.34,0.0,0.862,0.138
307,FoxNews,Thu Nov 08 12:56:20 +0000 2018,Teylor Whittler describes what she witnessed at California bar shooting https://t.co/dMV68Hfdz0 https://t.co/YznTZgQoYY,0.0,0.0,1.0,0.0
308,FoxNews,Thu Nov 08 12:37:05 +0000 2018,"An FBI agent talks to a potential witness as they stand near the scene in Thousand Oaks, Calif. where a gunman open‚Ä¶ https://t.co/7QOmXNTYM0",0.0,0.0,1.0,0.0
309,FoxNews,Thu Nov 08 12:25:14 +0000 2018,Ventura County Fire Department Captain Stan Ziegler: ‚ÄúHundreds of first responders responded initially to the scene‚Ä¶ https://t.co/o4gArhmy4e,-0.34,0.0,0.87,0.13
310,FoxNews,Thu Nov 08 12:06:14 +0000 2018,"People comfort each other as they stand near the scene in Thousand Oaks, Calif. where a gunman opened fire during a‚Ä¶ https://t.co/wPI4XSpirC",0.0258,0.105,0.795,0.1
311,FoxNews,Thu Nov 08 11:54:22 +0000 2018,"California bar shooting leaves 12 dead, including sheriff's sergeant, police say https://t.co/dMV68Hfdz0 https://t.co/WvjarPpwPV",-0.6486,0.0,0.736,0.264
312,FoxNews,Thu Nov 08 11:38:17 +0000 2018,"California bar shooting leaves 12 dead, including sheriff's sergeant, police say https://t.co/GqI77wMuYZ",-0.6486,0.0,0.719,0.281
313,FoxNews,Thu Nov 08 11:32:26 +0000 2018,"Sheriff's deputies speak to potential witnesses as they stand near the scene in Thousand Oaks, Calif., where a gunm‚Ä¶ https://t.co/jPE8k9oQHr",0.0,0.0,1.0,0.0
314,FoxNews,Thu Nov 08 11:26:46 +0000 2018,13 dead in country music bar including gunman https://t.co/PvITYr54AX https://t.co/UURBIatqte,-0.6486,0.0,0.677,0.323
315,FoxNews,Thu Nov 08 11:18:08 +0000 2018,"12 dead in shooting at Thousand Oaks nightclub, police say https://t.co/PvITYr54AX https://t.co/o8Nf8WuJcZ",-0.6486,0.0,0.719,0.281
316,FoxNews,Thu Nov 08 11:13:32 +0000 2018,"Breaking News: At least 12 dead in shooting at Thousand Oaks nightclub, police say https://t.co/u6sVxdzHq5",-0.6486,0.0,0.765,0.235
317,FoxNews,Thu Nov 08 11:12:14 +0000 2018,.@CarleyShimkus is live with the ‚ÄòFox News Update‚Äô on Facebook Watch: https://t.co/hNrB8xzepH https://t.co/cQ9uxkjUIK,0.0,0.0,1.0,0.0
318,FoxNews,Thu Nov 08 10:53:33 +0000 2018,"Authorities deliver an update on the shooting in Thousand Oaks, California. (Courtesy: KABC) https://t.co/BtGxxIfNx5",0.0,0.0,1.0,0.0
319,FoxNews,Thu Nov 08 10:36:12 +0000 2018,Pastor Dimas Salaberrios on California shooting: ‚ÄúMy immediate thoughts go out to the families. Because what‚Äôs happ‚Ä¶ https://t.co/iowf5VOL2l,0.0,0.0,1.0,0.0
320,FoxNews,Thu Nov 08 10:30:40 +0000 2018,"Las Vegas shooting survivors were inside Thousand Oaks bar, friends say https://t.co/nW9TLTON9n",0.4767,0.22,0.78,0.0
321,FoxNews,Thu Nov 08 10:24:08 +0000 2018,"UPDATE: At least 11 wounded in shooting at California bar, gunman dead, police say https://t.co/awRowfbeRy",-0.6486,0.0,0.765,0.235
322,FoxNews,Thu Nov 08 10:16:43 +0000 2018,Authorities confirm gunman is dead @FoxFriendsFirst https://t.co/PvITYr54AX https://t.co/a2EIH1EWmA,-0.6486,0.0,0.619,0.381
323,FoxNews,Thu Nov 08 10:10:46 +0000 2018,Ventura County Sheriff‚Äôs Office Captain Garo Kuredjian: ‚ÄúI don‚Äôt know what the condition of any of the victims are‚Ä¶ https://t.co/96mT27WHZv,-0.3182,0.0,0.892,0.108
324,FoxNews,Thu Nov 08 10:03:44 +0000 2018,"At least 11 shot, including sheriff‚Äôs deputy ‚Äî Jonathan Hunt has the latest from the scene of the California shooti‚Ä¶ https://t.co/sLzLyMsrn5",0.0,0.0,1.0,0.0
325,FoxNews,Thu Nov 08 09:54:50 +0000 2018,Witnesses describe chaotic scene during Thousand Oaks shooting https://t.co/qE8RqKGjz3,-0.4939,0.0,0.714,0.286
326,FoxNews,Thu Nov 08 09:46:19 +0000 2018,UPDATE: At least 11 people hurt in California shooting @FoxFriendsFirst https://t.co/PvITYr54AX https://t.co/RGWIkaxF4f,-0.5267,0.0,0.764,0.236
327,FoxNews,Thu Nov 08 09:40:57 +0000 2018,"Daniel Hoffman on California shooting: ‚ÄúThis still an active shooter scene, and the focus is on dealing with that a‚Ä¶ https://t.co/PiwHhe5HuX",0.4019,0.119,0.881,0.0
328,FoxNews,Thu Nov 08 09:31:36 +0000 2018,"Former Las Vegas Metro Police Lt. Randy Sutton: ‚ÄúThose who respond to this show incredible bravery, because they ar‚Ä¶ https://t.co/idcJJuVRMP",0.4939,0.144,0.856,0.0
329,FoxNews,Thu Nov 08 09:25:02 +0000 2018,"Authorities deliver a briefing on a shooting in Thousand Oaks, California. (Courtesy: KCBS) https://t.co/5VGZz3rDIL",0.0,0.0,1.0,0.0
330,FoxNews,Thu Nov 08 09:18:00 +0000 2018,"Mass shooting at California bar, @HeatherChilders &amp; @JackieibanezFNC have the latest @FoxFriendsFirst‚Ä¶ https://t.co/8c8H5LUFCu",0.0,0.0,1.0,0.0
331,FoxNews,Thu Nov 08 09:10:00 +0000 2018,Tesla names Robyn Denholm as Chairman to replace Elon Musk (via @FoxBusiness) https://t.co/SKjBXxUdOD,0.0,0.0,1.0,0.0
332,FoxNews,Thu Nov 08 09:01:00 +0000 2018,@marcthiessen: ‚ÄúThe president today made very clear that he wants to cut deals with the Democrats. And quite frankl‚Ä¶ https://t.co/3eA2dn4vQh,0.2006,0.126,0.783,0.091
333,FoxNews,Thu Nov 08 09:00:00 +0000 2018,".@TuckerCarlson: ""While everyone else obsessed over dossiers and FISA warrants, Sessions worried about the mission‚Ä¶ https://t.co/LSvnOqZMsq",-0.4404,0.0,0.782,0.218
334,FoxNews,Thu Nov 08 08:51:00 +0000 2018,"Wife's dying wish was for him to clean up bloody crime scene, suspect claims: reports https://t.co/7Wxd39jDEB",-0.4939,0.216,0.44,0.344
335,FoxNews,Thu Nov 08 08:41:00 +0000 2018,DEVELOPING: Massive police response after reports of shooting at California nightclub https://t.co/awRowfsPJ6,0.0,0.0,1.0,0.0
336,FoxNews,Thu Nov 08 08:31:00 +0000 2018,".@senatemajldr Mitch McConnell said Wednesday that Democrats and Republicans will have to address health care ""on a‚Ä¶ https://t.co/XxmktKMZ7F",0.4939,0.158,0.842,0.0
337,FoxNews,Thu Nov 08 08:21:00 +0000 2018,"Joseph diGenova on who could replace AG Sessions: ""@ChrisChristie would have the full confidence of @POTUS, which i‚Ä¶ https://t.co/lt485btkXG",0.5106,0.155,0.845,0.0
338,FoxNews,Thu Nov 08 08:06:00 +0000 2018,Dem @GavinNewsom's wild victory party in LA features controversial rapper @common https://t.co/V9SSpxOUH7,0.2263,0.186,0.69,0.124
339,FoxNews,Thu Nov 08 08:01:00 +0000 2018,".@jasoninthehouse: ‚ÄúAttorney General @jeffsessions is a patriot. He was a good Republican, and I applaud him for hi‚Ä¶ https://t.co/MRia8l8dOM",0.7096,0.296,0.704,0.0
340,FoxNews,Thu Nov 08 07:51:00 +0000 2018,"Devotees lit earthen lamps in Ayodhya, India as part of Diwali celebrations, also known as a festival of lights, on‚Ä¶ https://t.co/uWGZnrkvqD",0.5719,0.207,0.793,0.0
341,FoxNews,Thu Nov 08 07:41:00 +0000 2018,".@TGowdySC on Jeff Sessions resigning: ""It was going to happen...He's been a proverbial dead man walking for severa‚Ä¶ https://t.co/ojKL4KMFTz",-0.7351,0.0,0.721,0.279
342,FoxNews,Thu Nov 08 07:31:00 +0000 2018,Mob chants threats outside @TuckerCarlson‚Äôs DC home https://t.co/IJE8m5gjWi,-0.4215,0.0,0.714,0.286
343,FoxNews,Thu Nov 08 07:21:00 +0000 2018,".@TuckerCarlson: ""Supporting marriage and children is the best, maybe the only way, for Republicans or any of us to‚Ä¶ https://t.co/fqPwC8XTaY",0.7964,0.283,0.717,0.0
344,FoxNews,Thu Nov 08 07:16:00 +0000 2018,.@KennedyNation: Dems in 2020 better without Nancy https://t.co/54vTCiffG4,0.4404,0.293,0.707,0.0
345,FoxNews,Thu Nov 08 07:11:00 +0000 2018,Battleground-state Dems who opposed Kavanaugh all defeated https://t.co/guqMSVjd74,-0.4767,0.0,0.693,0.307
346,FoxNews,Thu Nov 08 07:01:00 +0000 2018,".@Jim_Jordan on his run for House GOP leader: ‚ÄúWe have to match [@POTUS‚Äôs] intensity, that‚Äôs what I want to do. If‚Ä¶ https://t.co/2VOW1ykCsI",0.0772,0.061,0.939,0.0
347,FoxNews,Thu Nov 08 06:51:00 +0000 2018,.@senatemajldr: Dem Votes Against Kavanaugh Were a 'Godsend' to GOP in Midterms https://t.co/ietr8sP4EQ,0.0,0.0,1.0,0.0
348,FoxNews,Thu Nov 08 06:41:00 +0000 2018,.@marcthiessen: ‚ÄúThere‚Äôs lots of things that Democrats could take a stand on that they find inherently unacceptable‚Ä¶ https://t.co/c7UFDzFd60,0.0,0.0,1.0,0.0
349,FoxNews,Thu Nov 08 06:36:00 +0000 2018,".@DarrellIssa on the Mueller probe: ""Two years is a long time to look for a crime you can't prove.""‚Ä¶ https://t.co/plX9kxpSXy",-0.5423,0.0,0.829,0.171
350,FoxNews,Thu Nov 08 06:31:00 +0000 2018,"Second teen dies of gunshot wound after Oklahoma mom's rampage, authorities say https://t.co/VUQxsa3mq3",0.0,0.0,1.0,0.0
351,FoxNews,Thu Nov 08 06:21:00 +0000 2018,.@marcthiessen: ‚ÄúThe president today made very clear that he wants to cut deals with the Democrats. And quite frank‚Ä¶ https://t.co/MGVdJQVfUt,0.2006,0.126,0.783,0.091
352,FoxNews,Thu Nov 08 06:11:00 +0000 2018,"Florida Highway Patrol cruiser hits 142 mph in pursuit, catches on fire https://t.co/GqWKI45AAm",-0.34,0.0,0.833,0.167
353,FoxNews,Thu Nov 08 06:01:00 +0000 2018,Democratic strategist @LeslieMarshall: ‚ÄúWhat we need is not a wall ‚Äî and not a wall that we can‚Äôt afford ‚Äî but comp‚Ä¶ https://t.co/TzRWVJQeVv,0.0,0.0,1.0,0.0
354,FoxNews,Thu Nov 08 05:51:00 +0000 2018,"Sex offender gets 22 years after missing boy, 14, found in his room at halfway house, authorities say https://t.co/sDd0VQzob4",-0.5719,0.0,0.783,0.217
355,FoxNews,Thu Nov 08 05:41:00 +0000 2018,".@POTUS touts Senate gains, @LelandVittert breaks down the results @foxnewsnight https://t.co/VMzif8sgHH",0.3182,0.192,0.72,0.088
356,FoxNews,Thu Nov 08 05:31:00 +0000 2018,Former Kavanaugh colleague among group being considered to replace Sessions as AG: reports https://t.co/HxAlDZx2Mg,0.0,0.0,1.0,0.0
357,FoxNews,Thu Nov 08 05:26:00 +0000 2018,"Too close to call: Meticulous vote count transpiring in Arizona Senate race, @aacuna1 reports @foxnewsnight https://t.co/DV6EX4Ogxe",0.0,0.0,1.0,0.0
358,FoxNews,Thu Nov 08 05:21:01 +0000 2018,"Former SEAL Mocked by 'SNL' Wins TX House Seat, Calls for More Vets in Congress https://t.co/T0PAhopphH‚Ä¶ https://t.co/qhS5BVOE2U",0.6841,0.298,0.603,0.099
359,FoxNews,Thu Nov 08 05:11:00 +0000 2018,South Carolina voter told to remove 'Trump' shirt in order to vote: report https://t.co/xWY2EdSpDF,0.0,0.0,1.0,0.0
360,FoxNews,Thu Nov 08 05:01:00 +0000 2018,.@POTUS: ‚ÄúHopefully we can all work together next year to continue delivering for the American people.‚Äù‚Ä¶ https://t.co/FdLczQZN4g,0.0,0.0,1.0,0.0
361,FoxNews,Thu Nov 08 04:55:00 +0000 2018,Former US Attorney Harry Litman on Whitaker &amp; Mueller probe: ‚ÄúI think most people think it‚Äôs unlikely that he would‚Ä¶ https://t.co/6W1eHbZ7zZ,0.0,0.0,1.0,0.0
362,FoxNews,Thu Nov 08 04:50:00 +0000 2018,Pete Davidson's 'SNL' castmate Kenan Thompson talks Dan Crenshaw joke: 'They are figuring out a way to right that w‚Ä¶ https://t.co/MlIJF907FK,0.296,0.104,0.896,0.0
363,FoxNews,Thu Nov 08 04:45:00 +0000 2018,".@jasoninthehouse: ‚ÄúAttorney General @jeffsessions is a patriot. He was a good Republican, and I applaud him for hi‚Ä¶ https://t.co/lqmOqmHcJZ",0.7096,0.296,0.704,0.0
364,FoxNews,Thu Nov 08 04:35:00 +0000 2018,"Tom Dupree on Acting Attorney General Matthew Whitaker: ‚ÄúCalls for him to recuse from Russia, I think, are meritles‚Ä¶ https://t.co/74TWeQngjg",0.0,0.0,1.0,0.0
365,FoxNews,Thu Nov 08 04:25:00 +0000 2018,"Cabinet shakeup expected after @jeffsessions pushed out, @edhenry reports @foxnewsnight https://t.co/6UTwyCpZRV https://t.co/MY7kH6s4T7",-0.1531,0.0,0.873,0.127
366,FoxNews,Thu Nov 08 04:14:15 +0000 2018,"New reactions to Sessions resignation, Catherine Herridge has the story @foxnewsnight https://t.co/6UTwyCHBgv https://t.co/FaiATyMSgC",-0.296,0.0,0.845,0.155
367,FoxNews,Thu Nov 08 04:05:00 +0000 2018,MLB star @Bharper3407 rejects $300M offer from Nationals: Reports (via @FoxBusiness) https://t.co/Bgfoyi7fNH,-0.4939,0.0,0.775,0.225
368,FoxNews,Thu Nov 08 03:55:00 +0000 2018,Doug Schoen: Trump shouldn‚Äôt have fired Jeff Sessions ‚Äì here‚Äôs why https://t.co/0ITTpZyqyx,-0.5574,0.0,0.735,0.265
369,FoxNews,Thu Nov 08 03:52:26 +0000 2018,"Joseph diGenova on who could replace AG Sessions: ""@ChrisChristie would have the full confidence of @POTUS, which i‚Ä¶ https://t.co/3eoxyIurd3",0.5106,0.155,0.845,0.0
370,FoxNews,Thu Nov 08 03:48:00 +0000 2018,‚ÄòBrady Bunch‚Äô cast to take part in TV home‚Äôs renovation: report https://t.co/rebtV4qkql,0.0,0.0,1.0,0.0
371,FoxNews,Thu Nov 08 03:42:00 +0000 2018,".@TuckerCarlson: Dems' Election Message Was All 'Trump', No Substance https://t.co/CscvHQkfAX",-0.296,0.0,0.804,0.196
372,FoxNews,Thu Nov 08 03:35:00 +0000 2018,"11-year-old in North Carolina charged with putting needles in Halloween candy, police say https://t.co/Dm3F07wpIt",-0.2023,0.0,0.878,0.122
373,FoxNews,Thu Nov 08 03:29:00 +0000 2018,Rhino rescue? Scientists may hold key to saving northern white rhinoceros from extinction  https://t.co/VUifTtCbTk,0.5106,0.202,0.798,0.0
374,FoxNews,Thu Nov 08 03:23:02 +0000 2018,"RT @FoxBusiness: Rick Scott: ""Socialism will not happen in our nation, and it's not going to happen under my watch."" https://t.co/CLNOuNnGNo",0.0,0.0,1.0,0.0
375,FoxNews,Thu Nov 08 03:23:00 +0000 2018,"Democrat Colin Allred, who unseated Rep. Pete Sessions, won't say if he'll back Pelosi https://t.co/mNox8bKgiA",0.0,0.0,1.0,0.0
376,FoxNews,Thu Nov 08 03:16:01 +0000 2018,Surveillance video shows Michigan woman reportedly reversing car into store https://t.co/tJr2cUsZ8a,0.0,0.0,1.0,0.0
377,FoxNews,Thu Nov 08 03:11:00 +0000 2018,".@senatemajldr Mitch McConnell said Wednesday that Democrats and Republicans will have to address health care ""on a‚Ä¶ https://t.co/xF54bEhvOA",0.4939,0.158,0.842,0.0
378,FoxNews,Thu Nov 08 03:04:00 +0000 2018,Woman finds her diamond before proposal and 'ring shames' herself https://t.co/uoLHUxHeBD,-0.0772,0.17,0.638,0.191
379,FoxNews,Thu Nov 08 03:01:47 +0000 2018,McDonald's customers‚Äô $5M lawsuit over unwanted Quarter Pounder cheese dismissed by judge https://t.co/yBEvL4cAFK,-0.4215,0.0,0.743,0.257
380,FoxNews,Thu Nov 08 02:46:10 +0000 2018,Trump neuters ObamaCare birth control coverage mandate with limits on plans covering abortion https://t.co/ZXX1uDaqXl,0.0,0.0,1.0,0.0
381,FoxNews,Thu Nov 08 02:38:00 +0000 2018,The New York Police Department gathered about 20 saluting officers and held an aviation flyover to honor an Emergen‚Ä¶ https://t.co/AUnS1mBlzM,0.4939,0.144,0.856,0.0
382,FoxNews,Thu Nov 08 02:33:06 +0000 2018,"RT @FoxBusiness: .@KellyannePolls: ""Many people want to work in @POTUS' administration."" https://t.co/to6mCzFkA7",0.0772,0.106,0.894,0.0
383,FoxNews,Thu Nov 08 02:21:04 +0000 2018,"A trooper took this beautiful photo of a double rainbow over a New York State Police squad car, Tuesday. https://t.co/j9V1h3Ja5p",0.6833,0.224,0.776,0.0
384,FoxNews,Thu Nov 08 02:16:29 +0000 2018,Jeff Sessions' departure leads to questions about Russia probe's future https://t.co/5iWsDcmrYO,0.0,0.0,1.0,0.0
385,FoxNews,Thu Nov 08 02:07:37 +0000 2018,".@TuckerCarlson: ""While everyone else obsessed over dossiers and FISA warrants, Sessions worried about the mission‚Ä¶ https://t.co/9Kv1DtfGKv",-0.4404,0.0,0.782,0.218
386,FoxNews,Thu Nov 08 02:04:34 +0000 2018,South Carolina voter told to remove 'Trump' shirt in order to vote: report https://t.co/HXoKJGWYxV,0.0,0.0,1.0,0.0
387,FoxNews,Thu Nov 08 02:00:56 +0000 2018,Virginia drug-dealing mom gets 10-day jail sentence after providing marijuana to three children https://t.co/PiU3CthxVx,0.0772,0.091,0.909,0.0
388,FoxNews,Thu Nov 08 01:42:53 +0000 2018,".@TuckerCarlson: ""Supporting marriage and children is the best, maybe the only way, for Republicans or any of us to‚Ä¶ https://t.co/WrELn434wB",0.7964,0.283,0.717,0.0
389,FoxNews,Thu Nov 08 01:39:30 +0000 2018,Fox News Channel tops all broadcast and cable news networks in total viewers for midterm election coverage.‚Ä¶ https://t.co/H418QSswpI,0.5106,0.163,0.837,0.0
390,FoxNews,Thu Nov 08 01:37:28 +0000 2018,"Sacha Baron Cohen revives 'Borat' character to talk politics, midterm election https://t.co/taa4Z5RCj1",0.3818,0.191,0.809,0.0
391,FoxNews,Thu Nov 08 01:25:49 +0000 2018,"Violinist claims Southwest Airlines forced him to leave flight after he refused to check $80,000 instrument https://t.co/S5TxSoH3uu",-0.6597,0.0,0.686,0.314
392,FoxNews,Thu Nov 08 01:13:00 +0000 2018,"'Take Their Word For It': Jim Jordan Warns of Congressional Investigations By Nadler, Waters, Schiff https://t.co/ZXsUPobdbG",-0.1027,0.0,0.915,0.085
393,FoxNews,Thu Nov 08 01:05:46 +0000 2018,"Former Governor John Sununu: ""What really made a big difference in the House races around the country last night is‚Ä¶ https://t.co/HYFtiI57mO",0.0,0.0,1.0,0.0
394,FoxNews,Thu Nov 08 01:01:04 +0000 2018,"Georgia posts private information of 300,000 absentee voters (via @keiperjourno) https://t.co/5H4ETZthYC",-0.2732,0.0,0.826,0.174
395,FoxNews,Thu Nov 08 00:58:26 +0000 2018,"CNN's Jim Acosta press pass suspended by White House, Sarah Sanders announces https://t.co/5iiXWRUrCI",-0.4767,0.0,0.795,0.205
396,FoxNews,Thu Nov 08 00:53:56 +0000 2018,"BREAKING: CNN's Jim Acosta press pass suspended by White House, Sarah Sanders announces https://t.co/eBITlnvfUj",-0.4767,0.0,0.807,0.193
397,FoxNews,Thu Nov 08 00:50:10 +0000 2018,".@GovChrisSununu: ""I don't think last night was a referendum on the president. I think last night was really a refe‚Ä¶ https://t.co/lsznjxEPqK",0.0,0.0,1.0,0.0
398,FoxNews,Thu Nov 08 00:32:49 +0000 2018,Dershowitz on Sessions' Departure: Not All GOP Senators Will Allow Trump to Demand 'Loyalty' From New AG https://t.co/lrq24Ih7lc,0.1027,0.098,0.825,0.077
399,FoxNews,Thu Nov 08 00:29:01 +0000 2018,"RT @MikeEmanuelFox: Democrats gear up for 2020 presidential race - from #SpecialReport tonight: 

https://t.co/2rYNfdShiO",0.0,0.0,1.0,0.0
400,nytimes,Thu Nov 07 21:20:02 +0000 2019,Tom Steyer‚Äôs presidential campaign apologized after a report said a top aide had privately offered campaign contrib‚Ä¶ https://t.co/qxwk1sYFMI,0.4767,0.227,0.773,0.0
401,nytimes,Thu Nov 07 21:10:07 +0000 2019,"Donald Trump Jr. went on ""The View"" and it quickly spiraled out of control https://t.co/ZqZWq0Z0Kn",0.0,0.0,1.0,0.0
402,nytimes,Thu Nov 07 21:00:11 +0000 2019,"In Opinion

Ali Drucker writes, ""It matters to see a woman who possesses physical attributes that dermatologists, h‚Ä¶ https://t.co/cBY74CCBmF",0.0258,0.061,0.939,0.0
403,nytimes,Thu Nov 07 20:40:07 +0000 2019,"When officials at a U.S. weather forecasting office in Alabama said Hurricane Dorian would not hit their state, as‚Ä¶ https://t.co/qEv0boLKWs",0.0,0.0,1.0,0.0
404,nytimes,Thu Nov 07 20:34:00 +0000 2019,"Read the complete text of the memo, obtained by The New York Times, written by the senior American diplomat in nort‚Ä¶ https://t.co/IkYcUcn4KK",0.0,0.0,1.0,0.0
405,nytimes,Thu Nov 07 20:20:09 +0000 2019,"Scientists have long condemned so-called virginity testing as a violation of a woman‚Äôs rights, as well as a sham pr‚Ä¶ https://t.co/HWoZXSunfL",-0.6124,0.091,0.647,0.263
406,nytimes,Thu Nov 07 20:10:05 +0000 2019,Ukraine‚Äôs leader was ready to announce on CNN the investigations that President Trump had demanded. Then word of fr‚Ä¶ https://t.co/Xtn03hhaWt,0.1531,0.112,0.804,0.085
407,nytimes,Thu Nov 07 20:00:02 +0000 2019,"More than 200 years ago, a wealthy Antiguan plantation owner helped found Harvard Law School with riches made from‚Ä¶ https://t.co/1Zr6SRqsZB",0.7096,0.258,0.742,0.0
408,nytimes,Thu Nov 07 19:45:10 +0000 2019,New York City police say a Harlem man killed his wife and 5-year-old daughter before killing himself in their apart‚Ä¶ https://t.co/9MUsNqEH33,-0.872,0.0,0.669,0.331
409,nytimes,Thu Nov 07 19:30:10 +0000 2019,"John Bolton, President Trump‚Äôs former national security adviser, did not show up for a voluntary interview with imp‚Ä¶ https://t.co/mn0rx5eHUo",0.34,0.124,0.876,0.0
410,nytimes,Thu Nov 07 19:25:04 +0000 2019,This 14-year-old‚Äôs award-winning science project may solve blind spots in cars. It's a system that uses a webcam to‚Ä¶ https://t.co/zbaKycLAPd,-0.2263,0.088,0.78,0.132
411,nytimes,Thu Nov 07 19:18:53 +0000 2019,"A New York judge ordered President Trump to pay $2 million to nonprofit groups, settling a lawsuit that accused his‚Ä¶ https://t.co/B7GgHThvKI",-0.5423,0.0,0.744,0.256
412,nytimes,Thu Nov 07 19:10:04 +0000 2019,"Hillary Clinton said on Wednesday that she didn't think Elizabeth Warren's ""Medicare for all"" plan could get passed‚Ä¶ https://t.co/QDTGZRVtIN",0.0,0.0,1.0,0.0
413,nytimes,Thu Nov 07 19:02:37 +0000 2019,"Breaking News: In a searing memo, the top U.S. diplomat in northern Syria criticized the Trump administration for n‚Ä¶ https://t.co/4zpQw9OtmY",-0.1779,0.085,0.798,0.117
414,nytimes,Thu Nov 07 19:00:15 +0000 2019,"""Today, when a woman artist sets out to create, who is she?"" For @NYTmag, the author Rachel Cusk considers the live‚Ä¶ https://t.co/7xC7ajHADG",0.2732,0.095,0.905,0.0
415,nytimes,Thu Nov 07 18:55:38 +0000 2019,RT @nytmike: NEWS: John Bolton will not be subpoenaed to testify. https://t.co/bkvxnqkqHd,0.0,0.0,1.0,0.0
416,nytimes,Thu Nov 07 18:40:05 +0000 2019,"7 years ago, a man opened his storage locker in Los Angeles to find that $800,000 worth of prints had been stolen.‚Ä¶ https://t.co/nNatA7Oi3D",0.2263,0.087,0.913,0.0
417,nytimes,Thu Nov 07 18:20:03 +0000 2019,President Trump has often said he could say or do anything and his supporters would never abandon him. The results‚Ä¶ https://t.co/4sRahqTVIS,0.6492,0.218,0.782,0.0
418,nytimes,Thu Nov 07 18:11:15 +0000 2019,RT @NYTimesWordplay: It's Thursday! Join Wordplay columnist @debamlen and assoc. puzzles editor Sam Ezersky (@thegridkid)  to help them cru‚Ä¶,0.636,0.234,0.766,0.0
419,nytimes,Thu Nov 07 18:07:57 +0000 2019,Breaking News: The U.S. and China agreed that an initial trade deal would roll back some tariffs placed on each oth‚Ä¶ https://t.co/1TNy1KOxVo,0.2732,0.091,0.909,0.0
420,nytimes,Thu Nov 07 18:00:11 +0000 2019,A police officer has been charged with the murder of a former Premier League soccer player who died in 2016 after b‚Ä¶ https://t.co/6epuEe5tiI,-0.8779,0.0,0.641,0.359
421,nytimes,Thu Nov 07 17:40:04 +0000 2019,This week‚Äôs brutal massacre of a family in northern Mexico that left 3 women and 6 children dead was another shocki‚Ä¶ https://t.co/NKjbSuNKB9,-0.8555,0.0,0.669,0.331
422,nytimes,Thu Nov 07 17:20:05 +0000 2019,Australian soccer‚Äôs governing body announced what it calls a landmark agreement to close the pay gap between the me‚Ä¶ https://t.co/GViBIrOBi4,0.4767,0.205,0.731,0.064
423,nytimes,Thu Nov 07 17:13:35 +0000 2019,RT @nytimesarts: Spike Lee has been announced as the recipient of Film at Lincoln Center‚Äôs 46th Chaplin Award. Past winners include Martin‚Ä¶,0.765,0.248,0.752,0.0
424,nytimes,Thu Nov 07 17:00:11 +0000 2019,"5 years after the water crisis in Flint, Mich., began, schools are overwhelmed with demands to help children with h‚Ä¶ https://t.co/fzuszFeLO0",-0.296,0.156,0.68,0.164
425,nytimes,Thu Nov 07 16:52:41 +0000 2019,"RT @Julesm_b: Another amazing only in San Francisco story by @nelliebowles. This time on dopamine fasting...How to Feel Nothing Now, in Ord‚Ä¶",0.5859,0.153,0.847,0.0
426,nytimes,Thu Nov 07 16:50:03 +0000 2019,"RT @NYTmag: Can a woman artist ever attain a fundamental freedom from her own womanhood? Rachel Cusk considers the lives of two painters, C‚Ä¶",0.6369,0.167,0.833,0.0
427,nytimes,Thu Nov 07 16:40:03 +0000 2019,"In Opinion

""When I first arrived, an all-male Nike staff became convinced that in order for me to get better, I ha‚Ä¶ https://t.co/kLzOb1eCdK",0.6808,0.228,0.772,0.0
428,nytimes,Thu Nov 07 16:30:05 +0000 2019,Elizabeth Warren‚Äôs policy plans would cost more than $30 trillion over a decade and would increase projected U.S. g‚Ä¶ https://t.co/sYYyNVeBwt,0.3182,0.113,0.887,0.0
429,nytimes,Thu Nov 07 16:22:51 +0000 2019,"RT @readercenter: There are more than a million drunken driving arrests in America each year, but the devices the police use to test driver‚Ä¶",-0.2382,0.0,0.919,0.081
430,nytimes,Thu Nov 07 16:19:13 +0000 2019,"Chicago police superintendent Eddie Johnson, facing mounting problems after he was found asleep in a parked car, is‚Ä¶ https://t.co/2zxacsgxjO",-0.4019,0.0,0.863,0.137
431,nytimes,Thu Nov 07 16:02:50 +0000 2019,Elizabeth Warren has invited Bill Gates to meet so she can explain ‚Äúexactly how much‚Äù he would pay in taxes under h‚Ä¶ https://t.co/dl9WvG9pVa,-0.1027,0.0,0.94,0.06
432,nytimes,Thu Nov 07 15:50:04 +0000 2019,"U.S. Secretary of State Mike Pompeo called Iran‚Äôs actions to expand its nuclear program ‚Äúextortion."" There was no i‚Ä¶ https://t.co/gEkYqpGsD9",0.0258,0.102,0.8,0.098
433,nytimes,Thu Nov 07 15:40:02 +0000 2019,"Even half-done, Essex Crossing, on New York's Lower East Side, is shaping up as one of the city‚Äôs most promising ne‚Ä¶ https://t.co/mJvZJ12jLQ",0.2006,0.119,0.794,0.087
434,nytimes,Thu Nov 07 15:33:49 +0000 2019,Chinese officials are trying to rein in small financial institutions that once lent money with abandon. But the pro‚Ä¶ https://t.co/6Olt2EA9r4,-0.2382,0.0,0.907,0.093
435,nytimes,Thu Nov 07 15:20:04 +0000 2019,A New Hampshire couple were found dead on a Texas beach. Now a 33-year-old Utah man has been arrested in Mexico and‚Ä¶ https://t.co/NjAyKyTNt0,-0.8126,0.0,0.709,0.291
436,nytimes,Thu Nov 07 15:08:58 +0000 2019,All 39 people who were discovered dead in a refrigerated trailer in southeast England last month have been identifi‚Ä¶ https://t.co/SLUhHxKyiz,-0.6486,0.0,0.807,0.193
437,nytimes,Thu Nov 07 15:00:03 +0000 2019,"Loree K. Sutton, a retired Army brigadier general and former city commissioner, announced her candidacy to become t‚Ä¶ https://t.co/hymhN4QnJZ",0.0,0.0,1.0,0.0
438,nytimes,Thu Nov 07 14:40:07 +0000 2019,"In Opinion

""The problem, alas, is the Constitution. The Warren and Sanders plans run headlong into more than two c‚Ä¶ https://t.co/mRoV2d9YKg",-0.5859,0.0,0.798,0.202
439,nytimes,Thu Nov 07 14:20:10 +0000 2019,"‚ÄúI won‚Äôt be around for all that,‚Äù said Philip Glass, the 82-year-old master of musical Minimalism. ‚ÄúIt doesn‚Äôt matt‚Ä¶ https://t.co/yycbt0T7rF",0.0,0.0,1.0,0.0
440,nytimes,Thu Nov 07 14:00:09 +0000 2019,"RT @nytopinion: ""I joined Nike because I wanted to be the best female athlete, ever. Instead, I was emotionally and physically abused by a‚Ä¶",0.2263,0.153,0.727,0.12
441,nytimes,Thu Nov 07 13:40:06 +0000 2019,Doug Parker has been chief executive of 3 airlines. But he had never faced a challenge like the grounding of Boeing‚Ä¶ https://t.co/iP3GCJzQkk,-0.4585,0.0,0.818,0.182
442,nytimes,Thu Nov 07 13:30:10 +0000 2019,"The Trump administration has sued Gilead Sciences, a pharmaceutical company that sells H.I.V.-prevention drugs, acc‚Ä¶ https://t.co/0Jx74O4nxA",0.0,0.0,1.0,0.0
443,nytimes,Thu Nov 07 13:20:07 +0000 2019,Perhaps President Trump‚Äôs visit to Kentucky on Monday night did indeed help. But public and internal Republican Par‚Ä¶ https://t.co/sJ4EBrmIxR,0.2144,0.093,0.907,0.0
444,nytimes,Thu Nov 07 13:13:00 +0000 2019,"Read our investigation to see how conspiracy-mongers, racists and spies have influenced what President Trump absorb‚Ä¶ https://t.co/NDKAcedVvd",-0.5423,0.0,0.821,0.179
445,nytimes,Thu Nov 07 13:06:48 +0000 2019,A decorated Army lieutenant colonel gave damaging testimony about President Trump‚Äôs Ukraine call. Here's how an att‚Ä¶ https://t.co/jV9tNtgQPe,-0.5106,0.0,0.829,0.171
446,nytimes,Thu Nov 07 13:00:02 +0000 2019,Aimee Stephens is the lead plaintiff in a Supreme Court case that will determine the employment rights of gay and t‚Ä¶ https://t.co/lWByzc8Ksf,0.5574,0.153,0.847,0.0
447,nytimes,Thu Nov 07 12:40:07 +0000 2019,"There's been a jump in the number of unmarried couples in the US who live together, a new survey by the Pew Researc‚Ä¶ https://t.co/FT5VmmxFfa",0.0772,0.058,0.942,0.0
448,nytimes,Thu Nov 07 12:20:05 +0000 2019,The Chinese government said Beijing and the Trump administration had agreed to get rid of some tariffs as the 2 sid‚Ä¶ https://t.co/55P0ThkQox,0.2732,0.095,0.905,0.0
449,nytimes,Thu Nov 07 12:00:13 +0000 2019,Bernie Sanders‚Äôs campaign plans to spend more than $30 million on TV advertising alone in the first 4 presidential‚Ä¶ https://t.co/JH6i6aXjwT,-0.25,0.0,0.9,0.1
450,nytimes,Thu Nov 07 11:40:04 +0000 2019,These Taliban fighters laid down their weapons and pledged loyalty to the Afghan government. But the reasons for th‚Ä¶ https://t.co/2BPGpy9JEv,0.0516,0.101,0.762,0.137
451,nytimes,Thu Nov 07 11:30:13 +0000 2019,President Trump asked Attorney General William Barr to hold a news conference stating that no laws were broken in t‚Ä¶ https://t.co/8r2yPYU5t1,-0.6486,0.0,0.773,0.227
452,nytimes,Thu Nov 07 11:20:06 +0000 2019,Here's a rundown of the bits worth watching from late-night TV https://t.co/g9zHWZZgA0,0.2263,0.16,0.84,0.0
453,nytimes,Thu Nov 07 11:00:13 +0000 2019,"RT @RorySmith: There‚Äôs a lot of change happening at Bayern Munich, but there‚Äôs also quite a lot of change happening to Bayern Munich. A pie‚Ä¶",0.0,0.0,1.0,0.0
454,nytimes,Thu Nov 07 10:40:07 +0000 2019,"Gunmen in Burkina Faso killed at least 37 people in an attack on a convoy carrying employees, suppliers and contrac‚Ä¶ https://t.co/zZO34WcUC3",-0.8225,0.0,0.703,0.297
455,nytimes,Thu Nov 07 10:20:03 +0000 2019,A court in China sentenced to death a man accused of trafficking fentanyl to the United States after a joint invest‚Ä¶ https://t.co/J19H3WV5fh,-0.5267,0.112,0.6,0.288
456,nytimes,Thu Nov 07 10:14:19 +0000 2019,"In denying Cambodian opposition politicians entry into their countries, some Association of Southeast Asian Nations‚Ä¶ https://t.co/01PtzVellR",-0.34,0.0,0.862,0.138
457,nytimes,Thu Nov 07 10:10:02 +0000 2019,Government workers stung by Zimbabwe‚Äôs skyrocketing inflation staged a strike to demand increased wages. Inflation‚Ä¶ https://t.co/1LcsAcVeXt,0.0258,0.123,0.702,0.175
458,nytimes,Thu Nov 07 10:00:12 +0000 2019,Queen Elizabeth II is building on her fashion-forward reputation: The 93-year-old monarch will stop buying clothing‚Ä¶ https://t.co/5XknSByOfe,-0.296,0.0,0.879,0.121
459,nytimes,Thu Nov 07 09:40:03 +0000 2019,Blockchain is back in Beijing‚Äôs good graces. Chinese officials have quietly removed the business of making Bitcoin‚Ä¶ https://t.co/F8L7oztSh5,0.6705,0.256,0.744,0.0
460,nytimes,Thu Nov 07 09:20:06 +0000 2019,"Increasingly, Prime Minister Boris Johnson is backing away from President Trump, seeing him as a liability and a so‚Ä¶ https://t.co/OReIFKbudH",-0.1779,0.058,0.847,0.095
461,nytimes,Thu Nov 07 09:10:05 +0000 2019,RT @nytimestech: Two former Twitter employees have been charged by the Justice Department with acting as agents of a foreign power inside t‚Ä¶,0.3818,0.135,0.794,0.071
462,nytimes,Thu Nov 07 09:00:09 +0000 2019,"The BBC is being sued for back pay by Samira Ahmed, who has accused the broadcaster of paying a man much more for t‚Ä¶ https://t.co/Zwvh9kRCvn",-0.3818,0.0,0.859,0.141
463,nytimes,Thu Nov 07 08:40:04 +0000 2019,"Turkey has captured one of the wives of Abu Bakr al-Baghdadi, the slain ISIS leader, in addition to several other f‚Ä¶ https://t.co/Seca7SaLxt",0.0,0.0,1.0,0.0
464,nytimes,Thu Nov 07 08:20:02 +0000 2019,"Narayana Reddy was an Indian cook whose popular YouTube channel, Grandpa Kitchen, featured videos of him preparing‚Ä¶ https://t.co/jH2kqMBAis",0.4215,0.141,0.859,0.0
465,nytimes,Thu Nov 07 08:10:04 +0000 2019,"RT @gilbertcruz: It's time to take down the Mona Lisa, says Jason Farago. ""She has become, in this age of mass tourism and digital narcissi‚Ä¶",0.0,0.0,1.0,0.0
466,nytimes,Thu Nov 07 08:00:11 +0000 2019,Europe morning briefing: Here's what you need to know to start your day https://t.co/rcZYpl2QLn,0.0,0.0,1.0,0.0
467,nytimes,Thu Nov 07 07:40:03 +0000 2019,"President Emmanuel Macron of France announced new, stricter measures on immigration, including tightening access to‚Ä¶ https://t.co/1VNPyAbRxh",0.0,0.0,1.0,0.0
468,nytimes,Thu Nov 07 07:30:09 +0000 2019,"RT @stevenleemyers: Amid accusations that China was fueling the American fentanyl epidemic, Chinese and American law enforcement were quiet‚Ä¶",-0.3182,0.0,0.887,0.113
469,nytimes,Thu Nov 07 07:20:05 +0000 2019,China hopes that national security measures will head off unrest in Hong Kong that has challenged its authority. Bu‚Ä¶ https://t.co/jalZXAcQNF,0.6249,0.272,0.669,0.059
470,nytimes,Thu Nov 07 07:00:05 +0000 2019,High-level Ukrainian officials had decided to capitulate to President Trump‚Äôs demands to publicly announce investig‚Ä¶ https://t.co/ErsAhXbcNg,0.0,0.0,1.0,0.0
471,nytimes,Thu Nov 07 06:40:02 +0000 2019,Alphabet‚Äôs board of directors is investigating allegations of sexual misconduct and inappropriate relationships by‚Ä¶ https://t.co/rPBl2jZkhz,0.0,0.0,1.0,0.0
472,nytimes,Thu Nov 07 06:22:52 +0000 2019,"A former Villanova football player is suing the NCAA and many of its member schools, accusing them of violating min‚Ä¶ https://t.co/96EEfpKvSO",-0.743,0.0,0.7,0.3
473,nytimes,Thu Nov 07 06:00:09 +0000 2019,President Trump denounced Louisiana‚Äôs Democratic governor at a rally ahead of the Nov. 16 election. Louisiana will‚Ä¶ https://t.co/bTKdBadBnk,0.0,0.0,1.0,0.0
474,nytimes,Thu Nov 07 05:40:06 +0000 2019,"It has been one of the enduring mysteries of the impeachment drama: Where did Lev Parnas, a cash-strapped Ukrainian‚Ä¶ https://t.co/EIrBDtjfFB",0.0,0.0,1.0,0.0
475,nytimes,Thu Nov 07 05:40:05 +0000 2019,Australian soccer‚Äôs governing body has announced what it calls a landmark agreement with the players union to close‚Ä¶ https://t.co/FFxUxBYvMG,0.5423,0.22,0.78,0.0
476,nytimes,Thu Nov 07 05:20:05 +0000 2019,"RT @nytopinion: ""Between 2007 and 2018, more than 150,000 firearms were definitively traced from Mexican criminals to gun stores and factor‚Ä¶",-0.7269,0.0,0.757,0.243
477,nytimes,Thu Nov 07 05:00:08 +0000 2019,"‚ÄúWe will take every precaution possible to make sure that we do not have another escape,‚Äù Capt. John Thornburg of t‚Ä¶ https://t.co/Mg3vXZDie3",0.3182,0.099,0.901,0.0
478,nytimes,Thu Nov 07 04:50:06 +0000 2019,RT @shearm: NEWS -- President Trump wanted Attorney General Barr to hold a news conference to declare that there was nothing wrong with his‚Ä¶,0.3724,0.104,0.896,0.0
479,nytimes,Thu Nov 07 04:40:08 +0000 2019,"Hillary Clinton at Wednesday's @dealbook conference: ""I think that another term of our current administration would‚Ä¶ https://t.co/Ro87LoKPMw",0.0,0.0,1.0,0.0
480,nytimes,Thu Nov 07 04:26:00 +0000 2019,"Read our investigation to see how conspiracy-mongers, racists and spies have influenced what President Trump absorb‚Ä¶ https://t.co/Uumi761I0T",-0.5423,0.0,0.821,0.179
481,nytimes,Thu Nov 07 04:24:04 +0000 2019,"After a decorated Army lieutenant colonel offered damaging testimony on President Trump‚Äôs call with Ukraine, an att‚Ä¶ https://t.co/AzPsWJX4UV",-0.5106,0.0,0.829,0.171
482,nytimes,Thu Nov 07 04:20:03 +0000 2019,"RT @davidenrich: Lawmakers are calling on the ""opportunity zone"" tax break to be reformed or killed, in response to recent @nytimes article‚Ä¶",-0.4019,0.103,0.733,0.165
483,nytimes,Thu Nov 07 04:00:21 +0000 2019,"For the second Election Day in as many years, suburban voters demonstrated enormous political power in electing or‚Ä¶ https://t.co/US2VzMWCuv",0.0,0.0,1.0,0.0
484,nytimes,Thu Nov 07 03:40:07 +0000 2019,"A memorial for the great soprano Jessye Norman will be held on the stage of the Met, where she performed more than‚Ä¶ https://t.co/uVZUxh2wI6",0.6249,0.163,0.837,0.0
485,nytimes,Thu Nov 07 03:23:14 +0000 2019,"RT @TheSteinLine: Kyle Kuzma‚Äôs comeback, Alex Caruso‚Äôs promise, Dwight Howard‚Äôs renaissance, Rajon Rondo‚Äôs looming return and what looks li‚Ä¶",0.2023,0.111,0.817,0.072
486,nytimes,Thu Nov 07 03:00:11 +0000 2019,No playing video games after 10 p.m. No more than 90 minutes of gaming on weekdays. Add-ons like virtual weapons an‚Ä¶ https://t.co/qWcb5DEpC1,-0.4588,0.15,0.594,0.255
487,nytimes,Thu Nov 07 02:40:04 +0000 2019,Evening Briefing: Here's what you need to know at the end of the day https://t.co/UdJ7Ny1CuO,0.0,0.0,1.0,0.0
488,nytimes,Thu Nov 07 02:20:04 +0000 2019,"RT @EricaLG: A Trump judicial nominee, up for a vote tomorrow, has frustrated congressional Democrats and Republicans for declining to disc‚Ä¶",-0.5267,0.0,0.841,0.159
489,nytimes,Thu Nov 07 02:10:03 +0000 2019,"Apple, Facebook and Google have committed $4.5 billion for housing in California. But it's a problem money alone ca‚Ä¶ https://t.co/5lkxw2gesV",-0.6705,0.066,0.678,0.256
490,nytimes,Thu Nov 07 02:00:13 +0000 2019,"Bill Gates said he was ‚Äúall for super progressive tax systems,‚Äù but that government having taxes too high would ris‚Ä¶ https://t.co/nL2OIuwysX",0.3506,0.109,0.891,0.0
491,nytimes,Thu Nov 07 01:50:12 +0000 2019,RT @nytpolitics: A federal prosecutor said that Roger Stone lied repeatedly to a congressional committee about his efforts to contact WikiL‚Ä¶,-0.3818,0.0,0.874,0.126
492,nytimes,Thu Nov 07 01:40:03 +0000 2019,A federal judge ruled that the government must provide mental health services to thousands of migrant parents and c‚Ä¶ https://t.co/tg5Azs0dWI,0.0,0.0,1.0,0.0
493,nytimes,Thu Nov 07 01:20:02 +0000 2019,"RT @maggieNYT: NEW - Giuliani, who announced his new lawyers today, had the same trouble hiring a lawyer that Trump once did 
https://t.co/‚Ä¶",-0.4019,0.0,0.881,0.119
494,nytimes,Thu Nov 07 01:00:06 +0000 2019,"Potatoes in many forms, casseroles galore and desserts sure to please a crowd ‚Äî¬† these recipes are great options fo‚Ä¶ https://t.co/3IAKga1mDa",0.8271,0.352,0.648,0.0
495,nytimes,Thu Nov 07 00:40:04 +0000 2019,RT @mirjordan: NEW: A court has ruled that the government must provide mental health services to mIgrant families traumatized by separation‚Ä¶,-0.4019,0.0,0.876,0.124
496,nytimes,Thu Nov 07 00:30:09 +0000 2019,‚ÄúI used to look at the I‚Äôm Shmacked party videos of the colleges I was looking at. The schools that had the coolest‚Ä¶ https://t.co/roCtykaQwT,0.4019,0.109,0.891,0.0
497,nytimes,Thu Nov 07 00:15:06 +0000 2019,RT @dealbook: .@BillGates weighs in on taxing billionaires: ‚ÄúI‚Äôve paid more than anyone in taxes.‚Äù https://t.co/kynOcuLj6b,0.0,0.0,1.0,0.0
498,nytimes,Thu Nov 07 00:00:10 +0000 2019,Evening Briefing: Here's what you need to know at the end of the day https://t.co/ct6QOeTWFb,0.0,0.0,1.0,0.0
499,nytimes,Wed Nov 06 23:40:06 +0000 2019,"‚ÄúThe blame for this crisis lies on the state, and instead what we‚Äôve seen is that the children are shouldering the‚Ä¶ https://t.co/dxjnWJMrLp",-0.8519,0.0,0.671,0.329
